"Nome","l0","l1","l2","Genero","ConfId","Posicao"
"Ömer Egecioglu","GreaterAfrican","Africans","\N","M","conf/icde/WuAEA07",2
"Ömer Egecioglu","GreaterAfrican","Africans","\N","M","conf/latin/ArslanE02",1
"Ömer Egecioglu","GreaterAfrican","Africans","\N","M","conf/cikm/EgeciogluF00",0
"Ömer Egecioglu","GreaterAfrican","Africans","\N","M","conf/mfcs/IbarraDES03",2
"Ömer Egecioglu","GreaterAfrican","Africans","\N","M","conf/infocom/PuttaswamySEZ09",2
"Ömer Egecioglu","GreaterAfrican","Africans","\N","M","conf/icde/DasEA10",1
"Ömer Erdem Demir","GreaterAfrican","Muslim","\N","M","conf/icse/DemirDMW05",0
"Önder Babur","Asian","IndianSubContinent","\N","M","conf/kbse/Babur16",0
"Övünç Bozcan","GreaterEuropean","WestEuropean","Hispanic","M","conf/icse/BozcanB13",0
"Özalp Babaoglu","GreaterAfrican","Muslim","\N","M","conf/coopis/BabaogluBMPVW04",0
"Özgü Alay","GreaterEuropean","EastEuropean","\N","F","conf/infocom/LivadariuFADDE15",2
"Özgü Alay","GreaterEuropean","EastEuropean","\N","F","conf/mobicom/AlayLGQMHDWEHAK16",0
"Özgü Alay","GreaterEuropean","EastEuropean","\N","F","conf/infocom/FerlinADHW16",1
"Özgül Salor","GreaterAfrican","Muslim","\N","F","conf/kdd/GuderCSC09",2
"Özgür Özkan","GreaterAfrican","Muslim","\N","M","conf/isaac/HellersteinOS11",1
"Özgür Özkan","GreaterAfrican","Muslim","\N","M","conf/icalp/IaconoO14",1
"Özgür Özkan","GreaterAfrican","Muslim","\N","M","conf/soda/AloupisILOW14",3
"Özgür Özkan","GreaterAfrican","Muslim","\N","M","conf/icalp/DemaineILO13",3
"Özgür Özkan","GreaterAfrican","Muslim","\N","M","conf/icalp/IaconoO10",1
"Özgür Özkan","GreaterAfrican","Muslim","\N","M","conf/esa/DavoodiFIO14",3
"Özgür Çetin","GreaterAfrican","Muslim","\N","M","conf/kdd/ShaparenkoCI09",1
"Özgür Alan","GreaterEuropean","WestEuropean","French","M","conf/icde/KaraASACA10",1
"Özgür B. Akan","GreaterAfrican","Muslim","\N","M","conf/infocom/OzgerA13",1
"Özgür B. Akan","GreaterAfrican","Muslim","\N","M","conf/infocom/KocaogluA12",1
"Özgür Dagdelen","GreaterEuropean","British","\N","M","conf/eurocrypt/ZhangZDSD15",4
"Özgür Erçetin","GreaterAfrican","Muslim","\N","M","conf/infocom/JakllariKFKE06",4
"Özgür Erçetin","GreaterAfrican","Muslim","\N","M","conf/infocom/AthanasiouKET07",2
"Özgür Erçetin","GreaterAfrican","Muslim","\N","M","conf/infocom/KhalilKEE11",2
"Özgür L. Özçep","GreaterAfrican","Muslim","\N","M","conf/sigmod/KharlamovBJKLMN16",7
"Özgür Sümer","GreaterAfrican","Muslim","\N","M","conf/aaai/SumerAIM11",0
"Özgür Sümer","GreaterAfrican","Muslim","\N","M","conf/soda/Sumer05",0
"Özgür Simsek","GreaterAfrican","Muslim","\N","M","conf/aaai/Simsek05",0
"Özgür Simsek","GreaterAfrican","Muslim","\N","M","conf/icml/SimsekB04",0
"Özgür Simsek","GreaterAfrican","Muslim","\N","M","conf/kdd/NevilleSJKPG05",1
"Özgür Simsek","GreaterAfrican","Muslim","\N","M","conf/ijcai/SimsekJ05",0
"Özgür Simsek","GreaterAfrican","Muslim","\N","M","conf/icml/SimsekAK16",0
"Özgür Simsek","GreaterAfrican","Muslim","\N","M","conf/icml/Simsek09",0
"Özgür Simsek","GreaterAfrican","Muslim","\N","M","conf/icml/SimsekWB05",0
"Özgür Simsek","GreaterAfrican","Muslim","\N","M","conf/icml/SimsekB06",0
"Özgür Tasar","GreaterAfrican","Muslim","\N","M","conf/chi/BeusekomBT04",2
"Özgür Ulusoy","GreaterAfrican","Muslim","\N","M","conf/www/SazogluUAOC15",1
"Özgür Ulusoy","GreaterAfrican","Muslim","\N","M","conf/www/OzcanAU08",2
"Özgür Ulusoy","GreaterAfrican","Muslim","\N","M","conf/sigir/AliciAOCU11",4
"Özgür Ulusoy","GreaterAfrican","Muslim","\N","M","conf/sigir/AltingovdeOOCU07",4
"Özgür Ulusoy","GreaterAfrican","Muslim","\N","M","conf/ride/SayginUE00",1
"Özgür Ulusoy","GreaterAfrican","Muslim","\N","M","conf/dasfaa/LamULCL01",1
"Özgür Ulusoy","GreaterAfrican","Muslim","\N","M","conf/adbis/KarakayaU01",1
"Özgür Ulusoy","GreaterAfrican","Muslim","\N","M","conf/cikm/OzcanAU08",2
"Özgür Ulusoy","GreaterAfrican","Muslim","\N","M","conf/cikm/SazogluCOAU13",4
"Özgür Ulusoy","GreaterAfrican","Muslim","\N","M","conf/sigir/AltingovdeDCU08",3
"Özgür Ulusoy","GreaterAfrican","Muslim","\N","M","conf/www/AliciAOCU11",4
"Özgür Ulusoy","GreaterAfrican","Muslim","\N","M","conf/sigir/AltingovdeOU11",2
"Özgür Ulusoy","GreaterAfrican","Muslim","\N","M","conf/sigir/UstaAVOU14",4
"Özgür Ulusoy","GreaterAfrican","Muslim","\N","M","conf/cikm/AltingovdeOCYU07",4
"Özgür Ulusoy","GreaterAfrican","Muslim","\N","M","conf/sigir/SazogluCOAU13",4
"Özgür Ulusoy","GreaterAfrican","Muslim","\N","M","conf/cikm/AltingovdeOU09",2
"Özgür Ulusoy","GreaterAfrican","Muslim","\N","M","conf/vldb/OzsoyogluAAOUO02",4
"Özgür Ulusoy","GreaterAfrican","Muslim","\N","M","conf/cikm/AltingovdeBCOSU12",5
"Özgür Ulusoy","GreaterAfrican","Muslim","\N","M","conf/vldb/UlusoyGDSA04",0
"Özge Öztimur Karadag","GreaterAfrican","Muslim","\N","F","conf/cvpr/KaradagY09",0
"Özge Can Özcanli","GreaterAfrican","Muslim","\N","F","conf/cvpr/OzcanliDMWHT14",0
"Özge Can Özcanli","GreaterAfrican","Muslim","\N","F","conf/cvpr/OzcanliTK06",0
"Özge Can Özcanli","GreaterAfrican","Muslim","\N","F","conf/cvpr/OzcanliDMWHT15",0
"Özlem Çetinoglu","GreaterAfrican","Muslim","\N","F","conf/acl/CetinogluO06",0
"Özlem Çetinoglu","GreaterAfrican","Muslim","\N","F","conf/acl/SulgerBKMLRDDRSPCAM13",11
"Özlem Çetinoglu","GreaterAfrican","Muslim","\N","F","conf/aaai/FosterCWRHNHG11",1
"Özlem Albayrak","GreaterAfrican","Muslim","\N","F","conf/icse/Albayrak15",0
"Özlem Aslan","GreaterAfrican","Muslim","\N","F","conf/icml/WangMCBPRGUA16",8
"Özlem N. Subakan","Asian","IndianSubContinent","\N","F","conf/cvpr/SubakanV08",0
"Özlem N. Subakan","Asian","IndianSubContinent","\N","F","conf/iccv/SubakanJVV07",0
"Özlem Uzuner","GreaterAfrican","Muslim","\N","F","conf/aaai/UzunerK05",0
"A Min Tjoa","GreaterAfrican","Africans","\N","-","conf/dolap/NguyenST05",2
"A.-Yeong Kim","Asian","GreaterEastAsian","EastAsian","-","conf/sigir/SonKP13",1
"A. A. Clark","GreaterEuropean","British","\N","-","conf/cvpr/ClarkT01",0
"A. Alfonso","GreaterEuropean","WestEuropean","French","-","conf/icse/AlfonsoBKO04",0
"A. Ali","GreaterAfrican","Muslim","\N","-","conf/cvpr/ShalabyAF11",1
"A. Ant Ozok","Asian","GreaterEastAsian","Japanese","-","conf/chi/HouKKLBCMOT06",7
"A. Ant Ozok","Asian","GreaterEastAsian","Japanese","-","conf/chi/GoodallOLRK05",1
"A. Ardeshir Goshtasby","GreaterEuropean","British","\N","-","conf/cvpr/JacksonG14",1
"A. Basu","Asian","IndianSubContinent","\N","-","conf/chi/CassellABBCMRSV00",2
"A. Beliz Saybasili","GreaterAfrican","Muslim","\N","-","conf/spaa/CarageaSWV09",1
"A. Berger","GreaterEuropean","Jewish","\N","-","conf/cvpr/RothLBB10",2
"A. Botta","GreaterEuropean","WestEuropean","Italian","-","conf/icsm/ContiniVBVT01",2
"A. Brizioli","GreaterEuropean","WestEuropean","Italian","-","conf/icsm/BrizioliCLS01",0
"A. Bruce McDonald","GreaterEuropean","British","\N","-","conf/infocom/SantivanezMSR02",1
"A. Burrell","GreaterEuropean","British","\N","-","conf/icde/BurrellS06",0
"A. C. Cem Say","Asian","IndianSubContinent","\N","-","conf/mfcs/CaferovKOS15",3
"A. C. Cem Say","Asian","IndianSubContinent","\N","-","conf/fsttcs/ODonnellS14",1
"A. C. Rajeev","Asian","IndianSubContinent","\N","-","conf/kbse/RajeevSSR10",0
"A. César C. França","Asian","IndianSubContinent","\N","-","conf/icse/FrancaAS13",0
"A. César C. França","Asian","IndianSubContinent","\N","-","conf/icse/FrancaS10",0
"A. Cüneyd Tantug","Asian","IndianSubContinent","\N","-","conf/acl/TantugAO07",0
"A. Cagatay Talay","GreaterAfrican","Muslim","\N","-","conf/mobicom/TalayA09",0
"A. Cavan Fyans","GreaterEuropean","EastEuropean","\N","-","conf/chi/FyansGS09",0
"A. Chiou","Asian","GreaterEastAsian","EastAsian","-","conf/dasfaa/ChiouS01",0
"A. Chris Long","Asian","GreaterEastAsian","EastAsian","-","conf/chi/CasaresLMSC02",1
"A. Chris Long","Asian","GreaterEastAsian","EastAsian","-","conf/chi/LongCMBSDYC03",0
"A. Chris Long","Asian","GreaterEastAsian","EastAsian","-","conf/chi/PatrickLF03",1
"A. Chris Long","Asian","GreaterEastAsian","EastAsian","-","conf/chi/MyersBNPKML02",6
"A. D. Kennedy","GreaterEuropean","British","\N","-","conf/issac/KennedyBR07",0
"A. David Marshall","GreaterEuropean","Jewish","\N","-","conf/cvpr/AubreyMRVCW13",1
"A. David Marshall","GreaterEuropean","Jewish","\N","-","conf/cvpr/SidorovRM11",2
"A. David Marshall","GreaterEuropean","Jewish","\N","-","conf/cvpr/SidorovRM09",2
"A. Dawn Shaikh","GreaterAfrican","Muslim","\N","-","conf/chi/StrainSB07",1
"A. Dumitrescu","GreaterEuropean","WestEuropean","French","-","conf/infocom/Dumitrescu06",0
"A. E. Eiben","GreaterEuropean","Jewish","\N","-","conf/ijcai/NannenE07",1
"A. Elhayek","GreaterAfrican","Muslim","\N","-","conf/cvpr/ElhayekAJTPABST15",0
"A. Elhayek","GreaterAfrican","Muslim","\N","-","conf/cvpr/ElhayekSHKST12",0
"A. Enis Çetin","GreaterAfrican","Muslim","\N","-","conf/cvpr/ToreyinC07",1
"A. Enis Çetin","GreaterAfrican","Muslim","\N","-","conf/iccv/ToreyinDC05",2
"A. F. Rovers","GreaterEuropean","British","\N","-","conf/chi/RoversE04",0
"A. Fleming Seay","GreaterEuropean","British","\N","-","conf/chi/SeayK07",0
"A. Fleming Seay","GreaterEuropean","British","\N","-","conf/chi/SeayKHR02",0
"A. Fleming Seay","GreaterEuropean","British","\N","-","conf/chi/SeayJLK04",0
"A. Frank van der Stappen","GreaterEuropean","British","\N","-","conf/isaac/CheongHS03",2
"A. Frank van der Stappen","GreaterEuropean","British","\N","-","conf/esa/BergGKLOS02",5
"A. Frank van der Stappen","GreaterEuropean","British","\N","-","conf/compgeom/MoetKS06",2
"A. Frank van der Stappen","GreaterEuropean","British","\N","-","conf/esa/KreveldS04",1
"A. Furone","Asian","GreaterEastAsian","Japanese","-","conf/icsm/Furone01",0
"A. G. Amitha Perera","Asian","IndianSubContinent","\N","-","conf/cvpr/ChanHBPSD06",3
"A. G. Amitha Perera","Asian","IndianSubContinent","\N","-","conf/cvpr/PereraSHBH06",0
"A. G. Amitha Perera","Asian","IndianSubContinent","\N","-","conf/cvpr/OhHPCCLMALDSWJRSVPRYTSFRD11",2
"A. G. Amitha Perera","Asian","IndianSubContinent","\N","-","conf/cvpr/PereraBHD06",0
"A. G. Amitha Perera","Asian","IndianSubContinent","\N","-","conf/cvpr/PereraTFS00",0
"A. G. Amitha Perera","Asian","IndianSubContinent","\N","-","conf/cvpr/KaucicPBKH05",1
"A. G. Amitha Perera","Asian","IndianSubContinent","\N","-","conf/aaai/HoogsP08",1
"A. G. Oliveira","GreaterEuropean","WestEuropean","Hispanic","-","conf/compgeom/OliveiraRS05",0
"A. Godse","Asian","IndianSubContinent","\N","-","conf/ssdbm/MahouiBGKL06",2
"A. Goldberg","GreaterEuropean","Jewish","\N","-","conf/kbse/MartinWTG00",3
"A. Gural Vural","GreaterAfrican","Muslim","\N","-","conf/cikm/VuralCS12",0
"A. H. G. Rinnooy Kan","Asian","IndianSubContinent","\N","-","conf/icsm/Kan03",0
"A. Harbach","GreaterEuropean","Jewish","\N","-","conf/cvpr/EdenboroughHHIKMNSSSWWYZ05",2
"A. Hartfiel","GreaterEuropean","British","\N","-","conf/cvpr/HuHTFHP11",1
"A. Hasan Mahmud","GreaterAfrican","Muslim","\N","-","conf/sigmetrics/MahmudHR14",0
"A. Heather Faucett","GreaterEuropean","British","\N","-","conf/chi/RinglandWFDH16",2
"A. Iglesias","GreaterEuropean","WestEuropean","Hispanic","-","conf/cvpr/CancelaIOP14",1
"A. Imran Nordin","GreaterEuropean","WestEuropean","French","-","conf/chi/CairnsLWN14",3
"A. Imran Nordin","GreaterEuropean","WestEuropean","French","-","conf/chi/NordinAAAAC13",0
"A. Ingold","GreaterEuropean","WestEuropean","Italian","-","conf/cvpr/EdenboroughHHIKMNSSSWWYZ05",3
"A. Inkeri Verkamo","Asian","IndianSubContinent","\N","-","conf/csmr/GustafssonPNV02",3
"A. Islam","GreaterAfrican","Muslim","\N","-","conf/cvpr/HolubMIMY09",2
"A. J. Bernheim Brush","GreaterEuropean","Jewish","\N","-","conf/chi/NeustaedterB06",1
"A. J. Bernheim Brush","GreaterEuropean","Jewish","\N","-","conf/chi/BrushMSV09",0
"A. J. Bernheim Brush","GreaterEuropean","Jewish","\N","-","conf/chi/NeustaedterBS05",1
"A. J. Bernheim Brush","GreaterEuropean","Jewish","\N","-","conf/chi/ChettyBMJ09",1
"A. J. Bernheim Brush","GreaterEuropean","Jewish","\N","-","conf/chi/BrushWTS05",0
"A. J. Bernheim Brush","GreaterEuropean","Jewish","\N","-","conf/chi/BrushB03",0
"A. J. Bernheim Brush","GreaterEuropean","Jewish","\N","-","conf/chi/AminiBKTK12",1
"A. J. Bernheim Brush","GreaterEuropean","Jewish","\N","-","conf/chi/BrushPST05",0
"A. J. Bernheim Brush","GreaterEuropean","Jewish","\N","-","conf/chi/GunaratneB10",1
"A. J. Bernheim Brush","GreaterEuropean","Jewish","\N","-","conf/chi/MorrisBM08",1
"A. J. Bernheim Brush","GreaterEuropean","Jewish","\N","-","conf/chi/WieseSB13",2
"A. J. Bernheim Brush","GreaterEuropean","Jewish","\N","-","conf/sigcomm/SinghBFHMMPS13",1
"A. J. Bernheim Brush","GreaterEuropean","Jewish","\N","-","conf/chi/MeyersBDSC06",1
"A. J. Bernheim Brush","GreaterEuropean","Jewish","\N","-","conf/chi/BrushLMASD11",0
"A. J. Bernheim Brush","GreaterEuropean","Jewish","\N","-","conf/chi/ChettyBBDG12",2
"A. J. Bernheim Brush","GreaterEuropean","Jewish","\N","-","conf/chi/GrimesB08",1
"A. J. Bernheim Brush","GreaterEuropean","Jewish","\N","-","conf/chi/BrushJIM11",0
"A. J. Bernheim Brush","GreaterEuropean","Jewish","\N","-","conf/nsdi/DixonMABLSB12",3
"A. J. Bernheim Brush","GreaterEuropean","Jewish","\N","-","conf/chi/MarshallB02",1
"A. J. Bernheim Brush","GreaterEuropean","Jewish","\N","-","conf/chi/Brush02",0
"A. J. Bernheim Brush","GreaterEuropean","Jewish","\N","-","conf/chi/RofoueiWBT12",2
"A. J. Bernheim Brush","GreaterEuropean","Jewish","\N","-","conf/chi/NeustaedterYB09",2
"A. J. Bernheim Brush","GreaterEuropean","Jewish","\N","-","conf/chi/YaroshIB10",2
"A. J. Bernheim Brush","GreaterEuropean","Jewish","\N","-","conf/chi/BrushBGC01",0
"A. J. Bernheim Brush","GreaterEuropean","Jewish","\N","-","conf/chi/BrushMTC07",0
"A. J. Bernheim Brush","GreaterEuropean","Jewish","\N","-","conf/chi/BrushAD04",0
"A. J. Bernheim Brush","GreaterEuropean","Jewish","\N","-","conf/chi/KarlsonBS09",1
"A. J. Bernheim Brush","GreaterEuropean","Jewish","\N","-","conf/sp/SchechterBE09",1
"A. J. Bernheim Brush","GreaterEuropean","Jewish","\N","-","conf/chi/BrushBGG02",0
"A. J. M. M. Weijters","Asian","IndianSubContinent","\N","-","conf/coopis/MedeirosAW03",2
"A. Jain","Asian","IndianSubContinent","\N","-","conf/cvpr/ShajiVFYJC11",4
"A. James Stewart","GreaterEuropean","British","\N","-","conf/chi/KassilS09",1
"A. Johannes Pretorius","GreaterEuropean","WestEuropean","Italian","-","conf/coopis/ReinbergerSPD04",2
"A. K. M. Mahtab Hossain","Asian","IndianSubContinent","\N","-","conf/infocom/HossainS10",0
"A. K. Qin","Asian","GreaterEastAsian","EastAsian","-","conf/icde/ChenLQKJ16",2
"A. Kai Qin","Asian","GreaterEastAsian","EastAsian","-","conf/aaai/QinSSL05",0
"A. Kapoor","Asian","IndianSubContinent","\N","-","conf/infocom/KapoorFFP06",0
"A. Kapoor","Asian","IndianSubContinent","\N","-","conf/infocom/KapoorFFP05",0
"A. Karasik","Asian","IndianSubContinent","\N","-","conf/cvpr/Karasik10",0
"A. Karim Abu-Affash","GreaterAfrican","Muslim","\N","-","conf/compgeom/Abu-Affash11",0
"A. Karim Abu-Affash","GreaterAfrican","Muslim","\N","-","conf/esa/Abu-AffashCKT12",0
"A. Karim Abu-Affash","GreaterAfrican","Muslim","\N","-","conf/infocom/Abu-AffashACK10",0
"A. Karim Abu-Affash","GreaterAfrican","Muslim","\N","-","conf/compgeom/Abu-AffashCKS11",0
"A. Karim Abu-Affash","GreaterAfrican","Muslim","\N","-","conf/swat/Abu-AffashACK10",0
"A. Kashif Asdi","GreaterAfrican","Muslim","\N","-","conf/chi/AsdiD00",0
"A. Keith Dunker","Asian","GreaterEastAsian","EastAsian","-","conf/kdd/MidicDO09",1
"A. Khojestepour","GreaterAfrican","Muslim","\N","-","conf/infocom/LakshmananSKKR09",3
"A. Krishna Sinha","Asian","IndianSubContinent","\N","-","conf/cikm/FoxMRS07",3
"A. Kumar","Asian","IndianSubContinent","\N","-","conf/infocom/ClaypoolKK06",2
"A. Kumar","Asian","IndianSubContinent","\N","-","conf/cvpr/KumarZ11",0
"A. Kumar","Asian","IndianSubContinent","\N","-","conf/infocom/ClaypoolKK05",2
"A. Kumaran","Asian","IndianSubContinent","\N","-","conf/edbt/KumaranH04",0
"A. Kumaran","Asian","IndianSubContinent","\N","-","conf/ride/KumaranH03",0
"A. Kumaran","Asian","IndianSubContinent","\N","-","conf/dasfaa/KumaranH05",0
"A. Kumaran","Asian","IndianSubContinent","\N","-","conf/sigmod/KumaranH04",0
"A. Kumaran","Asian","IndianSubContinent","\N","-","conf/icde/KumaranCH06",0
"A. Kumaran","Asian","IndianSubContinent","\N","-","conf/icde/KumaranH04",0
"A. Kumaran","Asian","IndianSubContinent","\N","-","conf/sigir/JoshiJKKKS08",4
"A. Kumaran","Asian","IndianSubContinent","\N","-","conf/acl/KumaranSDAD09",0
"A. Kumaran","Asian","IndianSubContinent","\N","-","conf/cikm/KumaranH04",0
"A. Kumaran","Asian","IndianSubContinent","\N","-","conf/aaai/KhapraUKB10",2
"A. Kumaran","Asian","IndianSubContinent","\N","-","conf/sigir/KumaranK07",0
"A. Kumaran","Asian","IndianSubContinent","\N","-","conf/cikm/UdupaSKJ08",2
"A. Kumaran","Asian","IndianSubContinent","\N","-","conf/sigir/KumaranK07a",0
"A. L. Almeida","GreaterEuropean","WestEuropean","Hispanic","-","conf/icse/BriotGAAMMSFGL06",3
"A. L. Lambiris","GreaterAfrican","Muslim","\N","-","conf/www/PatrikakisDRL03",3
"A. L. Narasimha Reddy","Asian","IndianSubContinent","\N","-","conf/infocom/KimR05",1
"A. L. Narasimha Reddy","Asian","IndianSubContinent","\N","-","conf/sigmetrics/ZhaoADR02",3
"A. L. Narasimha Reddy","Asian","IndianSubContinent","\N","-","conf/sigcomm/BhandarkarRZL07",1
"A. Lobo","GreaterEuropean","British","\N","-","conf/issac/KaltofenLL00",2
"A. Lopez-Mendez","GreaterEuropean","WestEuropean","French","-","conf/cvpr/Lopez-MendezAPC11",0
"A. Lopez-Mendez","GreaterEuropean","WestEuropean","French","-","conf/cvpr/AlcoverroLPC11",1
"A. Luu","GreaterEuropean","British","\N","-","conf/infocom/FengKL05",2
"A. Lynn Abbott","GreaterEuropean","British","\N","-","conf/cvpr/LeeACA06",1
"A. Lynn Abbott","GreaterEuropean","British","\N","-","conf/cvpr/LeeAA07",1
"A. M. Boek","Asian","IndianSubContinent","\N","-","conf/aaai/SanfilippoCTBCPP07",3
"A. M. Buchanan","GreaterEuropean","British","\N","-","conf/cvpr/BuchananF05",0
"A. M. Cheriyadat","Asian","IndianSubContinent","\N","-","conf/cvpr/Cheriyadat11",0
"A. M. Martinez","GreaterEuropean","WestEuropean","Hispanic","-","conf/cvpr/Martinez11",0
"A. M. Robotis","Asian","GreaterEastAsian","Japanese","-","conf/www/PatrikakisDRL03",2
"A. Makhanov","Asian","GreaterEastAsian","Japanese","-","conf/cvpr/HolubMIMY09",3
"A. Medina","GreaterEuropean","Jewish","\N","-","conf/sigcomm/MedinaTSBD02",0
"A. Miller","GreaterEuropean","British","\N","-","conf/cvpr/DedeogluKMSM11",4
"A. Murat Tekalp","GreaterAfrican","Muslim","\N","-","conf/iccv/DockstaderIT03",2
"A. Murat Tekalp","GreaterAfrican","Muslim","\N","-","conf/cvpr/EkinT03",1
"A. Murat Tekalp","GreaterAfrican","Muslim","\N","-","conf/cvpr/ErdemST01",2
"A. N. Rajagopalan","Asian","IndianSubContinent","\N","-","conf/iccv/PunnappurathRR15",2
"A. N. Rajagopalan","Asian","IndianSubContinent","\N","-","conf/cvpr/MRA15",1
"A. N. Rajagopalan","Asian","IndianSubContinent","\N","-","conf/cvpr/ParamanandR10",1
"A. N. Rajagopalan","Asian","IndianSubContinent","\N","-","conf/cvpr/RengarajanPRS14",2
"A. N. Rajagopalan","Asian","IndianSubContinent","\N","-","conf/cvpr/SahayR15",1
"A. N. Rajagopalan","Asian","IndianSubContinent","\N","-","conf/cvpr/SahayR13",1
"A. N. Rajagopalan","Asian","IndianSubContinent","\N","-","conf/cvpr/RengarajanRA16",1
"A. N. Trahtman","GreaterAfrican","Muslim","\N","-","conf/mfcs/Trahtman06",0
"A. Nur Zincir-Heywood","GreaterAfrican","Muslim","\N","-","conf/widm/ZhangZM05",1
"A. Nur Zincir-Heywood","GreaterAfrican","Muslim","\N","-","conf/sp/ForoushaniZ13",1
"A. Nur Zincir-Heywood","GreaterAfrican","Muslim","\N","-","conf/kdd/MakanjuZM09",1
"A. Nur Zincir-Heywood","GreaterAfrican","Muslim","\N","-","conf/icde/LuoZ07",1
"A. Nur Zincir-Heywood","GreaterAfrican","Muslim","\N","-","conf/sp/GokcenFZ14",2
"A. Nur Zincir-Heywood","GreaterAfrican","Muslim","\N","-","conf/chi/MahendiranHZ14",2
"A. P. J. Abdul Kalam","Asian","GreaterEastAsian","Japanese","-","conf/www/Kalam11",0
"A. P. Yogananda","Asian","IndianSubContinent","\N","-","conf/icml/YoganandaMG07",0
"A. Patrice Seyed","GreaterAfrican","Africans","\N","-","conf/www/SeyedLPMM13",0
"A. Pavan","GreaterEuropean","WestEuropean","Italian","-","conf/cikm/TangwongsanPT13",1
"A. Pavan","GreaterEuropean","WestEuropean","Italian","-","conf/pods/McGregorPTW12",1
"A. Prasad Sistla","Asian","IndianSubContinent","\N","-","conf/pldi/HinrichsRPVSZ13",4
"A. Prasad Sistla","Asian","IndianSubContinent","\N","-","conf/edbt/IlarriWMIS09",4
"A. Prasad Sistla","Asian","IndianSubContinent","\N","-","conf/fsttcs/Sistla02",0
"A. Prasad Sistla","Asian","IndianSubContinent","\N","-","conf/ssdbm/WolfsonXS04",2
"A. Prasad Sistla","Asian","IndianSubContinent","\N","-","conf/acl/DragutWYSM12",3
"A. Prasad Sistla","Asian","IndianSubContinent","\N","-","conf/mfcs/ChadhaSV13",1
"A. Prasad Sistla","Asian","IndianSubContinent","\N","-","conf/concur/MargariaSSZ05",1
"A. Prasad Sistla","Asian","IndianSubContinent","\N","-","conf/edbt/BoothSWC09",1
"A. Prasad Sistla","Asian","IndianSubContinent","\N","-","conf/icde/DragutWSYM06",2
"A. Prasad Sistla","Asian","IndianSubContinent","\N","-","conf/concur/ChadhaSV09",1
"A. Prasad Sistla","Asian","IndianSubContinent","\N","-","conf/lics/ChadhaSV08",1
"A. Prasad Sistla","Asian","IndianSubContinent","\N","-","conf/fsttcs/ChadhaSV10",1
"A. Prasad Sistla","Asian","IndianSubContinent","\N","-","conf/cikm/SistlaHC02",0
"A. Prasad Sistla","Asian","IndianSubContinent","\N","-","conf/cikm/DragutYSM10",2
"A. Prasad Sistla","Asian","IndianSubContinent","\N","-","conf/lics/KieferS16",1
"A. R. D. Rajan","Asian","IndianSubContinent","\N","-","conf/chi/MoravejiRL07",1
"A. Rashid","Asian","IndianSubContinent","\N","-","conf/cvpr/RashidPC11",0
"A. Ribeiro","GreaterEuropean","WestEuropean","Hispanic","-","conf/vldb/AlexandrovABBBCDFHJKKKLLMMMPNPPRRSSW02",22
"A. Ricardo Morales","GreaterEuropean","WestEuropean","Hispanic","-","conf/aaai/SonTGM05",3
"A. Ricardo Morales","GreaterEuropean","WestEuropean","Hispanic","-","conf/ijcai/MoralesTS07",0
"A. Robert Calderbank","GreaterEuropean","British","\N","-","conf/iccv/HuangQCS15",2
"A. Robert Calderbank","GreaterEuropean","British","\N","-","conf/infocom/HandeCCZ10",2
"A. Robert Calderbank","GreaterEuropean","British","\N","-","conf/infocom/LeeCC06",2
"A. Robert Calderbank","GreaterEuropean","British","\N","-","conf/soda/CalderbankGLMS05",0
"A. Robert Calderbank","GreaterEuropean","British","\N","-","conf/infocom/LeeCC06a",2
"A. Robert Calderbank","GreaterEuropean","British","\N","-","conf/icml/WangRRCC14",3
"A. Robert Calderbank","GreaterEuropean","British","\N","-","conf/sigmetrics/ChiangLCPF05",2
"A. Robert Calderbank","GreaterEuropean","British","\N","-","conf/infocom/LiCCD07",2
"A. Robert Calderbank","GreaterEuropean","British","\N","-","conf/infocom/XuLCC07",3
"A. Robert Calderbank","GreaterEuropean","British","\N","-","conf/icml/ChenCRCC12",4
"A. Robert Calderbank","GreaterEuropean","British","\N","-","conf/infocom/HandeCCR09",2
"A. Robles-Kelly","GreaterEuropean","British","\N","-","conf/cvpr/Robles-Kelly11",0
"A. Rodríguez-Martínez","GreaterEuropean","WestEuropean","Hispanic","-","conf/ijcai/Lopez-ArevaloRABJ05",1
"A. Russel Taylor","GreaterEuropean","British","\N","-","conf/uist/HurterTCT14",1
"A. S. Krishnakumar","Asian","IndianSubContinent","\N","-","conf/infocom/MadiganEMJKK05",5
"A. S. Krishnakumar","Asian","IndianSubContinent","\N","-","conf/infocom/KrishnanKJMG04",1
"A. S. Krishnakumar","Asian","IndianSubContinent","\N","-","conf/infocom/KrishnakumarK05",0
"A. S. M. Mahbub Morshed","Asian","IndianSubContinent","\N","-","conf/aaai/MorshedI08",0
"A. S. M. Rizvi","Asian","IndianSubContinent","\N","-","conf/chi/AhmedJAFRRAM14",5
"A. S. M. Sajeev","Asian","IndianSubContinent","\N","-","conf/icse/ParachuriSS14",1
"A. S. M. Sajeev","Asian","IndianSubContinent","\N","-","conf/www/DattaSSK15",2
"A. S. M. Sajeev","Asian","IndianSubContinent","\N","-","conf/icse/SawantRSPS14",4
"A. Sankaranarayanan","Asian","IndianSubContinent","\N","-","conf/cvpr/CaiSZZL10",1
"A. Sathish Kumar","Asian","IndianSubContinent","\N","-","conf/icse/ParmarKNJR16",1
"A. Savvides","Asian","IndianSubContinent","\N","-","conf/infocom/GoldenbergKMYYMS05",6
"A. Scerri","GreaterEuropean","WestEuropean","French","-","conf/www/BroekstraFKHSBSWM04",6
"A. Scott Lennox","GreaterEuropean","British","\N","-","conf/acl/ReiterRLO01",2
"A. Selcuk Uluagac","Asian","GreaterEastAsian","EastAsian","-","conf/infocom/ValeroJULB12",2
"A. Selcuk Uluagac","Asian","GreaterEastAsian","EastAsian","-","conf/infocom/BrzeczkoUBC14",1
"A. Selcuk Uluagac","Asian","GreaterEastAsian","EastAsian","-","conf/infocom/LiuUB14",1
"A. Seza Dogruöz","Asian","IndianSubContinent","\N","-","conf/www/PapalexakisD15",1
"A. Shashua","Asian","GreaterEastAsian","EastAsian","-","conf/cvpr/WolfSM05",1
"A. Silverberg","GreaterEuropean","Jewish","\N","-","conf/crypto/LenstraS14",1
"A. Sima Etaner-Uyar","GreaterAfrican","Muslim","\N","-","conf/icde/DemirGE07",2
"A. Singer","GreaterEuropean","British","\N","-","conf/sigmod/AbadiCCCCEGHMRSSTXYZ03",10
"A. Soto","GreaterEuropean","WestEuropean","Hispanic","-","conf/cvpr/EspinaceS08",1
"A. Stephen Morse","GreaterEuropean","British","\N","-","conf/infocom/ErenGWYMAB04",4
"A. Stephen Morse","GreaterEuropean","British","\N","-","conf/infocom/GoldenbergKMYYMS05",5
"A. Stephen Morse","GreaterEuropean","British","\N","-","conf/mobicom/GoldenbergBYCFMA06",5
"A. Steven Klusener","GreaterEuropean","Jewish","\N","-","conf/iwpc/VanyaHKLV08",2
"A. Sugimoto","Asian","GreaterEastAsian","Japanese","-","conf/cvpr/ToriiSI03",1
"A. T. M. Golam Bari","Asian","IndianSubContinent","\N","-","conf/dasfaa/BariRCJ13",0
"A. Taeke Kooiker","Asian","GreaterEastAsian","EastAsian","-","conf/csmr/BrandBEJKKSV07",5
"A. Taeke Kooiker","Asian","GreaterEastAsian","EastAsian","-","conf/icsm/BrandKVV05",1
"A. Taeke Kooiker","Asian","GreaterEastAsian","EastAsian","-","conf/csmr/BrandKVV06",1
"A. Takaci","Asian","GreaterEastAsian","Japanese","-","conf/adbis/BadjonskiIT00",2
"A. Taylan Cemgil","GreaterEuropean","WestEuropean","Hispanic","-","conf/icml/SimsekliBCR16",2
"A. Taylor Newton","GreaterEuropean","British","\N","-","conf/chi/NewtonKM09",0
"A. Urpi","Asian","IndianSubContinent","\N","-","conf/infocom/CarusoCDU05",3
"A. V. Sreejith","Asian","IndianSubContinent","\N","-","conf/icalp/ColcombetS15",1
"A. V. Sreejith","Asian","IndianSubContinent","\N","-","conf/lics/KrebsS12",1
"A. V. Sreejith","Asian","IndianSubContinent","\N","-","conf/mfcs/ManuelS16",1
"A. Vani Vathsala","Asian","IndianSubContinent","\N","-","conf/icse/VathsalaM14a",0
"A. Vani Vathsala","Asian","IndianSubContinent","\N","-","conf/icse/VathsalaM14",0
"A. W. Rivadeneira","GreaterEuropean","WestEuropean","Hispanic","-","conf/chi/RivadeneiraGMM07",0
"A. W. Roscoe","GreaterEuropean","British","\N","-","conf/concur/OuakninePRW11",2
"A. W. Roscoe","GreaterEuropean","British","\N","-","conf/fse/NguyenR12",1
"A. Winsor Brown","GreaterEuropean","British","\N","-","conf/icse/BoehmBT05",1
"A. Wong","Asian","GreaterEastAsian","EastAsian","-","conf/cvpr/Wong11",0
"A. Yilmaz Çamurcu","GreaterAfrican","Muslim","\N","-","conf/adbis/BilginC07",1
"A. Yip","Asian","GreaterEastAsian","EastAsian","-","conf/www/Yip04",0
"A. Yoshioka","Asian","GreaterEastAsian","Japanese","-","conf/cvpr/MatsuyamaHWMY00",4
"Øystein Haugen","GreaterEuropean","WestEuropean","Nordic","M","conf/er/MohagheghiH10",1
"Øystein Haugen","GreaterEuropean","WestEuropean","Nordic","M","conf/icse/SaratxagaAHEM12",2
"Øystein Haugen","GreaterEuropean","WestEuropean","Nordic","M","conf/fase/OldevikHM09",1
"Øystein Haugen","GreaterEuropean","WestEuropean","Nordic","M","conf/wcre/ArcegaFHC16",2
"Øystein Haugen","GreaterEuropean","WestEuropean","Nordic","M","conf/gpce/FontAHC15",2
"Øystein Nytrø","GreaterEuropean","WestEuropean","Nordic","M","conf/icse/NytroSK09",0
"Øystein Nytrø","GreaterEuropean","WestEuropean","Nordic","M","conf/icde/SaetreNNS16",1
"Øystein Skotheim","GreaterEuropean","EastEuropean","\N","M","conf/cvpr/BreivikTBSK11",3
"Øystein Torbjørnsen","GreaterEuropean","WestEuropean","Nordic","M","conf/sigmod/BratsbergT00",2
"Øystein Torbjørnsen","GreaterEuropean","WestEuropean","Nordic","M","conf/cikm/BjorklundGGT09",3
"Øystein Torbjørnsen","GreaterEuropean","WestEuropean","Nordic","M","conf/vldb/HvasshovdBT00",2
"Øyvind Bakkeli","GreaterEuropean","WestEuropean","Nordic","M","conf/icse/WangAYBL16",3
"Ângela Costa","GreaterEuropean","WestEuropean","Italian","F","conf/acl/FialhoCCCCAMT13",4
"Ângela Vilhena Dias","GreaterEuropean","WestEuropean","Hispanic","F","conf/iccv/OliveiraD07",1
"Ângelo Magno de Jesus","GreaterEuropean","WestEuropean","Hispanic","M","conf/www/PereiraDSDMMJF13",6
"Ólafur Ragnar Helgason","GreaterEuropean","WestEuropean","Nordic","M","conf/sigcomm/HelgasonYKPK10",0
"Óscar Corcho","GreaterEuropean","WestEuropean","Hispanic","M","conf/www/CorchoLG06",0
"Óscar Corcho","GreaterEuropean","WestEuropean","Hispanic","M","conf/edbt/BelhajjameZGGSAC13",6
"Óscar Corcho","GreaterEuropean","WestEuropean","Hispanic","M","conf/alt/GobleCAR06",1
"Óscar Corcho","GreaterEuropean","WestEuropean","Hispanic","M","conf/www/GarijoMC15",2
"Óscar Corcho","GreaterEuropean","WestEuropean","Hispanic","M","conf/www/PriyatnaCS14",1
"Óscar González de Dios","GreaterEuropean","WestEuropean","Hispanic","M","conf/infocom/CallegatiAWACGFGKDHKMORRSTV06",9
"Óscar Martínez Mozos","GreaterEuropean","WestEuropean","Hispanic","M","conf/ijcai/TriebelSMB07",2
"Óscar Martínez Mozos","GreaterEuropean","WestEuropean","Hispanic","M","conf/aaai/ZenderJMKB07",2
"Óscar Martínez Mozos","GreaterEuropean","WestEuropean","Hispanic","M","conf/aaai/RottmannMSB05",1
"Óscar Moya","GreaterEuropean","WestEuropean","Hispanic","M","conf/infocom/LadoczkiFMBTG15",2
"Óscar Pérez","GreaterEuropean","WestEuropean","Hispanic","M","conf/cvpr/PiccardiP07",1
"Óscar Sánchez Ramón","GreaterEuropean","WestEuropean","Hispanic","M","conf/kbse/RamonCM10",0
"Óscar Sánchez Ramón","GreaterEuropean","WestEuropean","Hispanic","M","conf/wcre/RamonCM11",0
"Àgata Lapedriza","GreaterAfrican","Africans","\N","F","conf/cvpr/LapedrizaMV08",0
"Àgata Lapedriza","GreaterAfrican","Africans","\N","F","conf/cvpr/ZhouKLOT16",2
"Àgata Lapedriza","GreaterAfrican","Africans","\N","F","conf/cvpr/LapedrizaMV05",0
"Àngel J. Gil","GreaterEuropean","WestEuropean","Hispanic","M","conf/cade/GilHSZ04",0
"Åke Arvidsson","GreaterEuropean","British","\N","M","conf/sigmetrics/ArvidssonZ13",0
"Åsa Unander-Scharin","GreaterEuropean","British","\N","F","conf/chi/ElblausUU16",1
"Åsa Unander-Scharin","GreaterEuropean","British","\N","F","conf/chi/Unander-ScharinUH14",1
"Åsa Unander-Scharin","GreaterEuropean","British","\N","F","conf/chi/Unander-ScharinUHE14",1
"Åsa Wendelbo Hansson","GreaterEuropean","Jewish","\N","F","conf/chi/WebergBH01",2
"Çagdas Karatas","Asian","IndianSubContinent","\N","M","conf/infocom/KaratasLLLWT0CG16",0
"Çagil Tasdemir","GreaterAfrican","Muslim","\N","M","conf/lfcs/Tasdemir13",0
"Çaglar Gülçehre","GreaterAfrican","Muslim","\N","M","conf/acl/GulcehreANZB16",0
"Çaglar Gülçehre","GreaterAfrican","Muslim","\N","M","conf/acl/SerbanGGACCB16",2
"Çaglar Gülçehre","GreaterAfrican","Muslim","\N","M","conf/icml/ChungGCB15",1
"Çaglar Gülçehre","GreaterAfrican","Muslim","\N","M","conf/icml/GulcehreMDB16",0
"Çaglar Genç","GreaterAfrican","Muslim","\N","M","conf/chi/GencSDOBUO16",0
"Çetin Meriçli","GreaterAfrican","Muslim","\N","M","conf/icse/TurhanBHMMM15",4
"Çetin Meriçli","GreaterAfrican","Muslim","\N","M","conf/aaai/MericliV10a",0
"Çetin Meriçli","GreaterAfrican","Muslim","\N","M","conf/aaai/MericliV10",0
"Çigdem Aslay","GreaterAfrican","Muslim","\N","F","conf/edbt/AslayBBB14",0
"Çigdem Aslay","GreaterAfrican","Muslim","\N","F","conf/sigir/AslayOAJ13",0
"Çigdem Eroglu Erdem","GreaterAfrican","Muslim","\N","F","conf/cvpr/ErdemST01",0
"Çigdem Gencel","GreaterEuropean","WestEuropean","Italian","F","conf/kbse/PetersenGABB14",1
"Éamonn Linehan","GreaterEuropean","British","\N","M","conf/icse/BrennanFLSFLDMCHC09",5
"Édouard Bonnet","GreaterEuropean","WestEuropean","French","M","conf/ijcai/Bonnet16",0
"Édouard Bonnet","GreaterEuropean","WestEuropean","French","M","conf/esa/BonnetM16",0
"Édouard Bonnet","GreaterEuropean","WestEuropean","French","M","conf/latin/BonnetEPS16",0
"Édouard Bonnet","GreaterEuropean","WestEuropean","French","M","conf/stacs/BonnetLP16",0
"Édouard Bonnet","GreaterEuropean","WestEuropean","French","M","conf/esa/BonnetEM16",0
"Éliane Jaulmes","GreaterEuropean","Jewish","\N","F","conf/fse/JaulmesJV02",0
"Éliane Jaulmes","GreaterEuropean","Jewish","\N","F","conf/crypto/JaulmesJ00",0
"Éliane Jaulmes","GreaterEuropean","Jewish","\N","F","conf/eurocrypt/JaulmesJ00",0
"Élisa Fromont","GreaterEuropean","British","\N","F","conf/kdd/NijssenF07",1
"Élisa Fromont","GreaterEuropean","British","\N","F","conf/icde/BlockeelCFGP08",2
"Élisa Fromont","GreaterEuropean","British","\N","F","conf/kdd/BlockeelCFGPR08",2
"Élisa Fromont","GreaterEuropean","British","\N","F","conf/cvpr/FernandoFMS12",1
"Élise Labonte-LeMoyne","GreaterEuropean","British","\N","F","conf/chi/Labonte-LeMoyne16",0
"Élise Lavoué","GreaterEuropean","WestEuropean","French","F","conf/www/CarrilloLP16",1
"Élise Lavoué","GreaterEuropean","WestEuropean","French","F","conf/www/ChampinCLLS12",2
"Élodie Edoh-Alove","GreaterEuropean","EastEuropean","\N","F","conf/dolap/BimonteENKR13",1
"Élton Gouveia","GreaterEuropean","WestEuropean","Hispanic","M","conf/chi/GouveiaAFCAGK13",0
"Émilien Antoine","GreaterEuropean","WestEuropean","French","M","conf/pods/AbiteboulBGA11",3
"Émilien Antoine","GreaterEuropean","WestEuropean","French","M","conf/kdd/AntoineJWKA15",0
"Émilien Antoine","GreaterEuropean","WestEuropean","French","M","conf/icde/AbiteboulAS12",1
"Émilien Antoine","GreaterEuropean","WestEuropean","French","M","conf/www/JatowtAKA15",1
"Émilien Antoine","GreaterEuropean","WestEuropean","French","M","conf/icde/AntoineGLMP11",0
"Émilien Antoine","GreaterEuropean","WestEuropean","French","M","conf/sigmod/AbiteboulAMST13",1
"Éric Colin de Verdière","GreaterEuropean","WestEuropean","French","M","conf/stoc/Cohen-AddadVKMM16",1
"Éric Colin de Verdière","GreaterEuropean","WestEuropean","French","M","conf/compgeom/ChambersVELLT08",1
"Éric Colin de Verdière","GreaterEuropean","WestEuropean","French","M","conf/compgeom/CabelloVL10a",1
"Éric Colin de Verdière","GreaterEuropean","WestEuropean","French","M","conf/soda/VerdiereE06",0
"Éric Colin de Verdière","GreaterEuropean","WestEuropean","French","M","conf/compgeom/MesmayV12",1
"Éric Colin de Verdière","GreaterEuropean","WestEuropean","French","M","conf/compgeom/Cohen-SteinerVY02",1
"Éric Colin de Verdière","GreaterEuropean","WestEuropean","French","M","conf/compgeom/CabelloVL10",1
"Éric Colin de Verdière","GreaterEuropean","WestEuropean","French","M","conf/compgeom/ChambersVELW06",1
"Éric Colin de Verdière","GreaterEuropean","WestEuropean","French","M","conf/stacs/VerdiereS08",0
"Éric Colin de Verdière","GreaterEuropean","WestEuropean","French","M","conf/esa/Verdiere10",0
"Éric Colin de Verdière","GreaterEuropean","WestEuropean","French","M","conf/compgeom/VerdiereHM14",0
"Éric Colin de Verdière","GreaterEuropean","WestEuropean","French","M","conf/compgeom/VerdiereGG12",0
"Éric Colin de Verdière","GreaterEuropean","WestEuropean","French","M","conf/esa/Verdiere15",0
"Éric Colin de Verdière","GreaterEuropean","WestEuropean","French","M","conf/focs/VerdiereL02",0
"Éric Fusy","GreaterEuropean","EastEuropean","\N","M","conf/soda/BodirskyFKV07",1
"Éric Fusy","GreaterEuropean","EastEuropean","\N","M","conf/soda/FusyPS05",0
"Éric Fusy","GreaterEuropean","EastEuropean","\N","M","conf/latin/AleardiFK14",1
"Éric Fusy","GreaterEuropean","EastEuropean","\N","M","conf/compgeom/AleardiFL08",1
"Éric Gaul","GreaterEuropean","WestEuropean","French","M","conf/recomb/GaulB06",0
"Éric Gaussier","GreaterEuropean","WestEuropean","French","M","conf/icml/TrouillonWRGB16",3
"Éric Gaussier","GreaterEuropean","WestEuropean","French","M","conf/sigir/GaussierG05",0
"Éric Gaussier","GreaterEuropean","WestEuropean","French","M","conf/cikm/ClinchantG09",1
"Éric Gaussier","GreaterEuropean","WestEuropean","French","M","conf/sigir/BabbarPGA14",2
"Éric Gaussier","GreaterEuropean","WestEuropean","French","M","conf/cikm/GoswamiAG13",2
"Éric Gaussier","GreaterEuropean","WestEuropean","French","M","conf/sigir/MaisonnasseGC07",1
"Éric Gaussier","GreaterEuropean","WestEuropean","French","M","conf/cikm/BabbarPGA12",2
"Éric Gaussier","GreaterEuropean","WestEuropean","French","M","conf/aaai/MirisaeeGT15",1
"Éric Gaussier","GreaterEuropean","WestEuropean","French","M","conf/icml/RendersGGPC06",1
"Éric Gaussier","GreaterEuropean","WestEuropean","French","M","conf/sigir/ClinchantG11",1
"Éric Gaussier","GreaterEuropean","WestEuropean","French","M","conf/acl/LiGA11",1
"Éric Gaussier","GreaterEuropean","WestEuropean","French","M","conf/cikm/LeroyAGM15",2
"Éric Gaussier","GreaterEuropean","WestEuropean","French","M","conf/acl/GaussierRMGD04",0
"Éric Gaussier","GreaterEuropean","WestEuropean","French","M","conf/acl/GoutteYG04",2
"Éric Gaussier","GreaterEuropean","WestEuropean","French","M","conf/kdd/AmoualianCGA16",2
"Éric Gaussier","GreaterEuropean","WestEuropean","French","M","conf/sigir/ClinchantG10",1
"Éric Grégoire","GreaterEuropean","WestEuropean","French","M","conf/aaai/BesnardGL15",1
"Éric Grégoire","GreaterEuropean","WestEuropean","French","M","conf/aaai/GregoireLM14",0
"Éric Grégoire","GreaterEuropean","WestEuropean","French","M","conf/aaai/GregoireIL16",0
"Éric Grégoire","GreaterEuropean","WestEuropean","French","M","conf/ijcai/GregoireKL16",0
"Éric Grégoire","GreaterEuropean","WestEuropean","French","M","conf/cade/GregoireMP09",0
"Éric Grégoire","GreaterEuropean","WestEuropean","French","M","conf/ijcai/GregoireLM13",0
"Éric Grégoire","GreaterEuropean","WestEuropean","French","M","conf/ijcai/GregoireMP07",0
"Éric Jaeger","GreaterEuropean","WestEuropean","Germanic","M","conf/sp/JaegerL14",0
"Éric Levieil","GreaterEuropean","WestEuropean","French","M","conf/fse/GranboulanLP06",1
"Éric Marchand","GreaterEuropean","WestEuropean","French","M","conf/cvpr/CollewetM08",1
"Éric Marchand","GreaterEuropean","WestEuropean","French","M","conf/cvpr/ComportMC04",1
"Éric Piel","GreaterEuropean","WestEuropean","French","M","conf/kbse/GonzalezPG08",1
"Éric Schost","GreaterEuropean","WestEuropean","Germanic","M","conf/issac/DinS03",1
"Éric Schost","GreaterEuropean","WestEuropean","Germanic","M","conf/issac/BostanJS07",2
"Éric Schost","GreaterEuropean","WestEuropean","Germanic","M","conf/soda/BostanCOSSS07",4
"Éric Schost","GreaterEuropean","WestEuropean","Germanic","M","conf/issac/Schost15",0
"Éric Schost","GreaterEuropean","WestEuropean","Germanic","M","conf/issac/Schost05",0
"Éric Schost","GreaterEuropean","WestEuropean","Germanic","M","conf/issac/MorozS16",1
"Éric Schost","GreaterEuropean","WestEuropean","Germanic","M","conf/issac/DahanMSWX05",2
"Éric Schost","GreaterEuropean","WestEuropean","Germanic","M","conf/issac/HoevenLS13",2
"Éric Schost","GreaterEuropean","WestEuropean","Germanic","M","conf/issac/PascalS06",1
"Éric Schost","GreaterEuropean","WestEuropean","Germanic","M","conf/issac/BostanSCSL12",3
"Éric Schost","GreaterEuropean","WestEuropean","Germanic","M","conf/eurocrypt/GaudryS04",1
"Éric Schost","GreaterEuropean","WestEuropean","Germanic","M","conf/issac/Schost02",0
"Éric Schost","GreaterEuropean","WestEuropean","Germanic","M","conf/issac/LiMS07",2
"Éric Schost","GreaterEuropean","WestEuropean","Germanic","M","conf/issac/FeoS09",1
"Éric Schost","GreaterEuropean","WestEuropean","Germanic","M","conf/issac/BostanLSSW04",3
"Éric Schost","GreaterEuropean","WestEuropean","Germanic","M","conf/issac/BostanLS03",2
"Éric Schost","GreaterEuropean","WestEuropean","Germanic","M","conf/issac/DahanS04",1
"Éric Schost","GreaterEuropean","WestEuropean","Germanic","M","conf/issac/JeannerodNSV16",2
"Éric Schost","GreaterEuropean","WestEuropean","Germanic","M","conf/issac/FeoDS13",2
"Éric Schost","GreaterEuropean","WestEuropean","Germanic","M","conf/issac/BostanCSLS07",4
"Éric Schost","GreaterEuropean","WestEuropean","Germanic","M","conf/issac/BostanCS14",2
"Éric Schost","GreaterEuropean","WestEuropean","Germanic","M","conf/issac/BostanSS08",2
"Éric Schost","GreaterEuropean","WestEuropean","Germanic","M","conf/issac/BostanCS15",2
"Éric Schost","GreaterEuropean","WestEuropean","Germanic","M","conf/issac/FeoDS14",2
"Éric Schost","GreaterEuropean","WestEuropean","Germanic","M","conf/issac/FilateiLMS06",3
"Éric Schost","GreaterEuropean","WestEuropean","Germanic","M","conf/issac/BostanCS16",2
"Éric Schost","GreaterEuropean","WestEuropean","Germanic","M","conf/issac/LebretonMS13",2
"Éric Schost","GreaterEuropean","WestEuropean","Germanic","M","conf/issac/BostanS09",1
"Éric Schost","GreaterEuropean","WestEuropean","Germanic","M","conf/issac/LebretonS12",1
"Éric Schost","GreaterEuropean","WestEuropean","Germanic","M","conf/issac/MihailescuMS07",2
"Éric Soutif","GreaterEuropean","WestEuropean","French","M","conf/isaac/DemangeKS05",2
"Éric Tanter","GreaterEuropean","WestEuropean","French","M","conf/gpce/TanterN05",0
"Éric Tanter","GreaterEuropean","WestEuropean","French","M","conf/msr/CallauRTR11",2
"Éric Tanter","GreaterEuropean","WestEuropean","French","M","conf/popl/GarciaCT16",2
"Éric Tanter","GreaterEuropean","WestEuropean","French","M","conf/gpce/TanterMBA10",0
"Éric Tanter","GreaterEuropean","WestEuropean","French","M","conf/icse/AldrichGHMNSSSTW11",8
"Éric Tanter","GreaterEuropean","WestEuropean","French","M","conf/iwpc/KleinschmagerHRS12",3
"Éric Tanter","GreaterEuropean","WestEuropean","French","M","conf/gpce/TanterSNP02",0
"Éric Villemonte de la Clergerie","GreaterEuropean","WestEuropean","Hispanic","M","conf/cikm/FernandezCF08",1
"Éric Villemonte de la Clergerie","GreaterEuropean","WestEuropean","Hispanic","M","conf/acl/BarthelemyBDC01",3
"Éric Villemonte de la Clergerie","GreaterEuropean","WestEuropean","Hispanic","M","conf/acl/SagotC06",1
"Érick Alphonse","GreaterEuropean","Jewish","\N","M","conf/icml/AlphonseM02",0
"Érick Lopez-Ornelas","GreaterEuropean","British","\N","M","conf/icde/KukhunSLS08",2
"Érika F. Cota","GreaterEuropean","WestEuropean","Hispanic","F","conf/icsm/VieiraFC14",2
"Étienne André","GreaterEuropean","WestEuropean","Nordic","M","conf/icse/TanA00DC13",1
"Étienne André","GreaterEuropean","WestEuropean","Nordic","M","conf/www/TanCA0LD14",2
"Étienne André","GreaterEuropean","WestEuropean","Nordic","M","conf/icse/TanCSLAXD16",4
"Étienne Duris","GreaterEuropean","WestEuropean","French","M","conf/iwpc/ChilowiczDR09",1
"Étienne Lozes","GreaterEuropean","WestEuropean","French","M","conf/lics/HirschkoffLS02",1
"Étienne Lozes","GreaterEuropean","WestEuropean","French","M","conf/lfcs/BrocheninDL07",2
"Étienne Lozes","GreaterEuropean","WestEuropean","French","M","conf/fsttcs/HirschkoffLS03",1
"Étienne Lozes","GreaterEuropean","WestEuropean","French","M","conf/concur/LozesV08",0
"Étienne Lozes","GreaterEuropean","WestEuropean","French","M","conf/concur/CairesL04",1
"Étienne Mémin","GreaterEuropean","WestEuropean","French","M","conf/iccv/PapadakisM07",1
"Étienne Mémin","GreaterEuropean","WestEuropean","French","M","conf/cvpr/HellierBMP00",2
"Étienne Mémin","GreaterEuropean","WestEuropean","French","M","conf/iccv/CuzolM05",1
"Étienne Mémin","GreaterEuropean","WestEuropean","French","M","conf/iccv/HeasMHM09",1
"Étienne Mémin","GreaterEuropean","WestEuropean","French","M","conf/iccv/PapadakisCM07",2
"Étienne Payet","GreaterEuropean","WestEuropean","French","M","conf/cade/PayetS11",0
"Étienne Roquain","GreaterEuropean","WestEuropean","French","M","conf/colt/ArlotBR07",2
"Étienne Schramm","GreaterEuropean","WestEuropean","Germanic","M","conf/isaac/KnauerSSW05",1
"Éva Czabarka","GreaterEuropean","EastEuropean","\N","F","conf/soda/CzabarkaKMPT00",0
"Éva Sáfár","GreaterEuropean","EastEuropean","\N","F","conf/acl/MarshallS03",1
"Éva Tardos","GreaterEuropean","WestEuropean","Hispanic","F","conf/icalp/KempeKT05",2
"Éva Tardos","GreaterEuropean","WestEuropean","Hispanic","F","conf/stoc/KleinbergT08",1
"Éva Tardos","GreaterEuropean","WestEuropean","Hispanic","F","conf/stoc/GuptaT00",1
"Éva Tardos","GreaterEuropean","WestEuropean","Hispanic","F","conf/cvpr/FelzenszwalbPTZ10",2
"Éva Tardos","GreaterEuropean","WestEuropean","Hispanic","F","conf/stoc/HayrapetyanTW06",1
"Éva Tardos","GreaterEuropean","WestEuropean","Hispanic","F","conf/esa/Tardos03",0
"Éva Tardos","GreaterEuropean","WestEuropean","Hispanic","F","conf/focs/BlumeEKKT11",4
"Éva Tardos","GreaterEuropean","WestEuropean","Hispanic","F","conf/podc/HayrapetyanTW05",1
"Éva Tardos","GreaterEuropean","WestEuropean","Hispanic","F","conf/stoc/SyrgkanisT13",1
"Éva Tardos","GreaterEuropean","WestEuropean","Hispanic","F","conf/focs/LemeT10",1
"Éva Tardos","GreaterEuropean","WestEuropean","Hispanic","F","conf/soda/ArcherPTT03",3
"Éva Tardos","GreaterEuropean","WestEuropean","Hispanic","F","conf/soda/SvitkinaT06",1
"Éva Tardos","GreaterEuropean","WestEuropean","Hispanic","F","conf/soda/LykourisST16",2
"Éva Tardos","GreaterEuropean","WestEuropean","Hispanic","F","conf/soda/ArcherT02",1
"Éva Tardos","GreaterEuropean","WestEuropean","Hispanic","F","conf/focs/PalTW01",1
"Éva Tardos","GreaterEuropean","WestEuropean","Hispanic","F","conf/soda/GabowGTW05",2
"Éva Tardos","GreaterEuropean","WestEuropean","Hispanic","F","conf/podc/KleinbergPT09",2
"Éva Tardos","GreaterEuropean","WestEuropean","Hispanic","F","conf/www/LucierLT12",2
"Éva Tardos","GreaterEuropean","WestEuropean","Hispanic","F","conf/stoc/KleinbergPT09",2
"Éva Tardos","GreaterEuropean","WestEuropean","Hispanic","F","conf/focs/PalT03",1
"Éva Tardos","GreaterEuropean","WestEuropean","Hispanic","F","conf/stoc/Tardos04",0
"Éva Tardos","GreaterEuropean","WestEuropean","Hispanic","F","conf/focs/ArcherT01",1
"Éva Tardos","GreaterEuropean","WestEuropean","Hispanic","F","conf/kdd/KempeKT03",2
"Éva Tardos","GreaterEuropean","WestEuropean","Hispanic","F","conf/soda/LinRT04",2
"Éva Tardos","GreaterEuropean","WestEuropean","Hispanic","F","conf/stoc/AnshelevichDTW03",2
"Éva Tardos","GreaterEuropean","WestEuropean","Hispanic","F","conf/icalp/LinRTW05",2
"Éva Tardos","GreaterEuropean","WestEuropean","Hispanic","F","conf/soda/LemeST12",2
"Éva Tardos","GreaterEuropean","WestEuropean","Hispanic","F","conf/soda/ArcherFHKTT04",5
"Éva Tardos","GreaterEuropean","WestEuropean","Hispanic","F","conf/soda/HayrapetyanST05",2
"Éva Tardos","GreaterEuropean","WestEuropean","Hispanic","F","conf/focs/RoughgardenT00",1
"Éva Tardos","GreaterEuropean","WestEuropean","Hispanic","F","conf/esa/NguyenT08",1
"Éva Tardos","GreaterEuropean","WestEuropean","Hispanic","F","conf/focs/AnshelevichDKTWR04",3
"Ábel Hegedüs","GreaterEuropean","Jewish","\N","M","conf/kbse/BergmannHHRUV11",1
"Ábel Hegedüs","GreaterEuropean","Jewish","\N","M","conf/kbse/HegedusHRV11",0
"Ábel Hegedüs","GreaterEuropean","Jewish","\N","M","conf/kbse/AbdeenVSNDHH14",5
"Ábel Sinkovics","GreaterEuropean","EastEuropean","\N","M","conf/gpce/PorkolabS10",1
"Ádám Dániel Lelkes","GreaterEuropean","Jewish","\N","M","conf/alt/LelkesR15",0
"Ádám Dániel Lelkes","GreaterEuropean","Jewish","\N","M","conf/wdag/FishKLRT15",2
"Ádám Darvas","GreaterEuropean","WestEuropean","Hispanic","M","conf/fase/DarvasL07",0
"Ádám Darvas","GreaterEuropean","WestEuropean","Hispanic","M","conf/cade/DarvasMR08",0
"Ádám Darvas","GreaterEuropean","WestEuropean","Hispanic","M","conf/fase/DarvasM10",0
"Ádám Sipos","GreaterEuropean","Jewish","\N","M","conf/gpce/PorkolabMS06",2
"Ádám Stipkovits","GreaterEuropean","EastEuropean","\N","M","conf/sigcomm/NemethSSG12",1
"Ágnes Cseh","GreaterAfrican","Africans","\N","F","conf/isaac/ArulselvanCGMM15",1
"Ágnes Cseh","GreaterAfrican","Africans","\N","F","conf/icalp/CsehHK15",0
"Ágnes Cseh","GreaterAfrican","Africans","\N","F","conf/ipco/CsehK16",0
"Ágnes Kiss","GreaterEuropean","British","\N","F","conf/eurocrypt/Kiss016",0
"Ágnes Sándor","GreaterEuropean","British","\N","F","conf/www/ChernovLGS16",3
"Ágnes Szántó","GreaterEuropean","Jewish","\N","F","conf/issac/Janovitz-FreireichSMR08",1
"Ágnes Szántó","GreaterEuropean","Jewish","\N","F","conf/issac/Szanto11",0
"Ágnes Szántó","GreaterEuropean","Jewish","\N","F","conf/issac/MansfieldS03",1
"Ágnes Szántó","GreaterEuropean","Jewish","\N","F","conf/issac/HauensteinMS15",2
"Ágnes Szántó","GreaterEuropean","Jewish","\N","F","conf/issac/Janovitz-FreireichRS06",2
"Ágoston Srp","Asian","IndianSubContinent","\N","M","conf/cvpr/HumenbergerSSBSV12",4
"Ákos Hajnal","GreaterEuropean","Jewish","\N","M","conf/csmr/HajnalF02",0
"Ákos Horváth","GreaterEuropean","British","\N","M","conf/kbse/AbdeenVSNDHH14",6
"Ákos Horváth","GreaterEuropean","British","\N","M","conf/csmr/UjhelyiHVCSVF14",1
"Ákos Horváth","GreaterEuropean","British","\N","M","conf/kbse/UjhelyiHV11",1
"Ákos Horváth","GreaterEuropean","British","\N","M","conf/kbse/HegedusHRV11",1
"Ákos Horváth","GreaterEuropean","British","\N","M","conf/kbse/IzsoSBHR13",3
"Ákos Horváth","GreaterEuropean","British","\N","M","conf/kbse/BergmannHHRUV11",2
"Ákos Kádár","GreaterEuropean","EastEuropean","\N","M","conf/acl/ChrupalaKA15",1
"Ákos Kiss 0001","GreaterEuropean","British","\N","M","conf/csmr/SchrettnerFBKG12",3
"Ákos Kiss 0001","GreaterEuropean","British","\N","M","conf/scam/BinkleyDGHKK05",4
"Ákos Kiss 0001","GreaterEuropean","British","\N","M","conf/scam/BinkleyDGHKO04",4
"Ákos Kiss 0001","GreaterEuropean","British","\N","M","conf/scam/KissJLG03",0
"Ákos Lédeczi","GreaterEuropean","WestEuropean","Italian","M","conf/gpce/NordstromSCSEL03",5
"Ákos Lédeczi","GreaterEuropean","WestEuropean","Italian","M","conf/icse/VolgyesiSLDM10",2
"Ákos Ladányi","GreaterAfrican","Africans","\N","M","conf/infocom/Lopez-PerezLJRZ11",1
"Ákos Seress","GreaterAfrican","Africans","\N","M","conf/soda/BabaiBS04",2
"Ákos Seress","GreaterAfrican","Africans","\N","M","conf/issac/Seress12",0
"Ákos Seress","GreaterAfrican","Africans","\N","M","conf/stoc/BabaiBS09",2
"Ákos Seress","GreaterAfrican","Africans","\N","M","conf/issac/NeunhofferS06",1
"Ákos Utasi","GreaterAfrican","Africans","\N","M","conf/cvpr/UtasiB11",0
"Álvaro Barbero Jiménez","GreaterEuropean","WestEuropean","Hispanic","M","conf/icml/JimenezS11",0
"Álvaro Cassinelli","GreaterEuropean","WestEuropean","Hispanic","M","conf/chi/CassinelliPI05",0
"Álvaro Cassinelli","GreaterEuropean","WestEuropean","Hispanic","M","conf/chi/WildeCZ12",1
"Álvaro Cassinelli","GreaterEuropean","WestEuropean","Hispanic","M","conf/chi/ReynoldsCI08",1
"Álvaro Cassinelli","GreaterEuropean","WestEuropean","Hispanic","M","conf/chi/CassinelliMPZI12",0
"Álvaro Cassinelli","GreaterEuropean","WestEuropean","Hispanic","M","conf/chi/SteimleBCILMP13",2
"Álvaro Cassinelli","GreaterEuropean","WestEuropean","Hispanic","M","conf/chi/WatanabeCWI14",1
"Álvaro Cassinelli","GreaterEuropean","WestEuropean","Hispanic","M","conf/chi/Vaananen-Vainio-MattilaHCMRS13",2
"Álvaro Enrique Arenas","GreaterEuropean","WestEuropean","Hispanic","M","conf/er/ArenasMPA15",0
"Álvaro García-Recuero","GreaterEuropean","WestEuropean","Hispanic","M","conf/www/Garcia-Recuero16",0
"Álvaro Joaquin Parra Bustos","GreaterEuropean","WestEuropean","Hispanic","M","conf/cvpr/BustosCS14",0
"Álvaro Navas","Asian","IndianSubContinent","\N","M","conf/infocom/CuadradoNDV14",1
"Álvaro Parra Bustos","GreaterEuropean","WestEuropean","Hispanic","M","conf/iccv/BustosC15",0
"Álvaro R. Pereira Jr.","GreaterEuropean","WestEuropean","Hispanic","M","conf/www/PereiraDSDMMJF13",0
"Álvaro R. Pereira Jr.","GreaterEuropean","WestEuropean","Hispanic","M","conf/kdd/Baeza-YatesPZ06",1
"Álvaro R. Pereira Jr.","GreaterEuropean","WestEuropean","Hispanic","M","conf/www/Baeza-YatesPZ08",1
"Álvaro Rodrigo","GreaterEuropean","WestEuropean","Hispanic","M","conf/acl/GarridoPCR12",3
"Álvaro Rodrigo","GreaterEuropean","WestEuropean","Hispanic","M","conf/acl/PenasR11",1
"Álvaro Sarasua","Asian","GreaterEastAsian","EastAsian","M","conf/chi/SarasuaCT16",0
"Álvaro Soria","GreaterEuropean","WestEuropean","Hispanic","M","conf/csmr/SoriaPC09",0
"Álvaro Torralba","GreaterEuropean","WestEuropean","Hispanic","M","conf/ijcai/TorralbaLB16",0
"Álvaro Torralba","GreaterEuropean","WestEuropean","Hispanic","M","conf/ijcai/Torralba015",0
"Álvaro Torralba","GreaterEuropean","WestEuropean","Hispanic","M","conf/aaai/EdelkampKT15",2
"Álvaro Torralba","GreaterEuropean","WestEuropean","Hispanic","M","conf/ijcai/TorralbaGD016",0
"Álvaro Torralba Arias de Reyna","GreaterEuropean","WestEuropean","Hispanic","M","conf/ijcai/ReynaLB13",0
"Álvaro Villalba","GreaterEuropean","WestEuropean","Hispanic","M","conf/www/PerezVCLT14",1
"Álvaro Zubizarreta","GreaterEuropean","WestEuropean","Hispanic","M","conf/cikm/ZubizarretaFCACGLV08",0
"Ángel Cuevas","GreaterEuropean","WestEuropean","Hispanic","M","conf/www/GonzalezCMRC13",4
"Ángel Cuevas","GreaterEuropean","WestEuropean","Hispanic","M","conf/sigcomm/NewazCLCC11",1
"Ángel G. Andrade","GreaterEuropean","WestEuropean","Hispanic","M","conf/chi/SantanaRGCA05",4
"Ángel Sánchez","GreaterEuropean","EastEuropean","\N","M","conf/podc/ChristoforouAGMS12",4
"Ángel Serrano","GreaterEuropean","WestEuropean","Hispanic","M","conf/cvpr/CondeS05",1
"Ángel Viña","GreaterEuropean","WestEuropean","Italian","M","conf/widm/CachedaV01",1
"Ángel Viña","GreaterEuropean","WestEuropean","Italian","M","conf/vldb/PanRAMOHAMV02",8
"Ángeles S. Places","GreaterEuropean","British","\N","F","conf/er/LuacesPRS08",1
"Ángeles S. Places","GreaterEuropean","British","\N","F","conf/adbis/ParamaBPP02",3
"Áron Szentesi","GreaterEuropean","Jewish","\N","M","conf/infocom/JuttnerSS03",2
"Árpád Beszédes","GreaterEuropean","Jewish","\N","M","conf/csmr/NagyPGB10",3
"Árpád Beszédes","GreaterEuropean","Jewish","\N","M","conf/icsm/BeszedesGJTGR07",0
"Árpád Beszédes","GreaterEuropean","Jewish","\N","M","conf/scam/SchrettnerJGBG12",3
"Árpád Beszédes","GreaterEuropean","Jewish","\N","M","conf/csmr/TothNJBF10",3
"Árpád Beszédes","GreaterEuropean","Jewish","\N","M","conf/csmr/VidacsBF04",1
"Árpád Beszédes","GreaterEuropean","Jewish","\N","M","conf/csmr/JaszSBOG12",2
"Árpád Beszédes","GreaterEuropean","Jewish","\N","M","conf/csmr/BeszedesGFGF07",0
"Árpád Beszédes","GreaterEuropean","Jewish","\N","M","conf/icsm/BeszedesFSCG02",0
"Árpád Beszédes","GreaterEuropean","Jewish","\N","M","conf/csmr/BeszedesGSCG01",0
"Árpád Beszédes","GreaterEuropean","Jewish","\N","M","conf/csmr/SchrettnerFBKG12",2
"Árpád Beszédes","GreaterEuropean","Jewish","\N","M","conf/icsm/FerencBTG02",1
"Árpád Beszédes","GreaterEuropean","Jewish","\N","M","conf/scam/BeszedesSCGJG13",0
"Árpád Beszédes","GreaterEuropean","Jewish","\N","M","conf/csmr/FerencB02",1
"Árpád Beszédes","GreaterEuropean","Jewish","\N","M","conf/csmr/CsabaSBJHG13",2
"Árpád Beszédes","GreaterEuropean","Jewish","\N","M","conf/scam/TengeriBHG14",1
"Árpád Beszédes","GreaterEuropean","Jewish","\N","M","conf/csmr/VidacsBTSG14",1
"Árpád Beszédes","GreaterEuropean","Jewish","\N","M","conf/icsm/BinkleyBIJV15",1
"Árpád Beszédes","GreaterEuropean","Jewish","\N","M","conf/icsm/BaloghABVGV15",2
"Árpád Beszédes","GreaterEuropean","Jewish","\N","M","conf/icsm/FerencBG04",1
"Árpád Beszédes","GreaterEuropean","Jewish","\N","M","conf/csmr/PantosBGG08",1
"Árpád Beszédes","GreaterEuropean","Jewish","\N","M","conf/icse/BakotaBFG08",1
"Árpád Beszédes","GreaterEuropean","Jewish","\N","M","conf/iwpc/TothVBG11",2
"Árpád Beszédes","GreaterEuropean","Jewish","\N","M","conf/scam/BeszedesGG06",0
"Árpád Beszédes","GreaterEuropean","Jewish","\N","M","conf/csmr/SzegediGBGT07",2
"Árpád Beszédes","GreaterEuropean","Jewish","\N","M","conf/icsm/GergelyBGG10",1
"Árpád Beszédes","GreaterEuropean","Jewish","\N","M","conf/icsm/FerencBFL05",1
"Árpád Beszédes","GreaterEuropean","Jewish","\N","M","conf/iwpc/VidacsJBG08",2
"Árpád Beszédes","GreaterEuropean","Jewish","\N","M","conf/csmr/BeszedesSG12",0
"Árpád Beszédes","GreaterEuropean","Jewish","\N","M","conf/scam/BaloghB13",1
"Árpád Beszédes","GreaterEuropean","Jewish","\N","M","conf/wcre/TengeriHBGG16",2
"Árpád Beszédes","GreaterEuropean","Jewish","\N","M","conf/icsm/BeszedesGSJLG12",0
"Árpád Beszédes","GreaterEuropean","Jewish","\N","M","conf/scam/BaloghSB15",2
"Árpád Beszédes","GreaterEuropean","Jewish","\N","M","conf/icsm/JaszBGR08",1
"Ítalo Cunha","GreaterEuropean","WestEuropean","Hispanic","M","conf/sigcomm/Katz-BassettSCCVFMAK12",3
"Ítalo Cunha","GreaterEuropean","WestEuropean","Hispanic","M","conf/sigcomm/JavedCCKAK13",1
"Ítalo Cunha","GreaterEuropean","WestEuropean","Hispanic","M","conf/sigcomm/CunhaTVD11",0
"Ítalo Cunha","GreaterEuropean","WestEuropean","Hispanic","M","conf/sigcomm/FazzionCGMTVD16",1
"Ítalo S. Cunha","GreaterEuropean","British","\N","M","conf/www/CostaCBRRAR04",1
"Áurea Rodríguez","GreaterEuropean","WestEuropean","Hispanic","F","conf/er/DominguezLPRRZ07",3
"Aïcha-Nabila Benharkat","GreaterAfrican","Muslim","\N","-","conf/dolap/RamiB02",1
"Aïcha-Nabila Benharkat","GreaterAfrican","Muslim","\N","-","conf/adbis/BoukhebouzeABM09",2
"Aïcha Mokhtari","GreaterAfrican","Muslim","\N","F","conf/adbis/Guebaili-DjiderMNNA13",1
"Aïcha Mokhtari","GreaterAfrican","Muslim","\N","F","conf/adbis/BouraiMK13",1
"Aïda Ouangraoua","Asian","GreaterEastAsian","EastAsian","F","conf/recomb/OuangraouaSC10",0
"Aïda Ouangraoua","Asian","GreaterEastAsian","EastAsian","F","conf/recomb/OuangraouaBS10",0
"Aïda Ouangraoua","Asian","GreaterEastAsian","EastAsian","F","conf/recomb/OuangraouaB09",0
"Aäron van den Oord","GreaterEuropean","British","\N","M","conf/icml/OordKK16",0
"Aäron Verachtert","GreaterEuropean","Jewish","\N","M","conf/ijcai/VerachtertBD16",0
"Aécio S. R. Santos","Asian","IndianSubContinent","\N","M","conf/sigir/PhamSF16",1
"Aécio S. R. Santos","Asian","IndianSubContinent","\N","M","conf/www/SantosPF16",0
"Aad 't Hart","GreaterEuropean","Jewish","\N","M","conf/icsm/BezemerZPHH10",4
"Aad P. A. van Moorsel","Asian","IndianSubContinent","\N","M","conf/chi/GreatheadCAM12",3
"Aad P. A. van Moorsel","Asian","IndianSubContinent","\N","M","conf/icse/MachulakPM08",2
"Aad P. A. van Moorsel","Asian","IndianSubContinent","\N","M","conf/icse/Molina-JimenezPM04",2
"Aída Gándara","Asian","IndianSubContinent","\N","F","conf/ssdbm/GandaraCSWSC11",0
"Aadil Mamuji","Asian","GreaterEastAsian","Japanese","M","conf/chi/VertegaalMSC05",1
"Aadil Mamuji","Asian","GreaterEastAsian","Japanese","M","conf/chi/SmithDCCSMHV05",5
"Aadirupa Saha","Asian","IndianSubContinent","\N","-","conf/icml/NarasimhanRS015",2
"Aaditeshwar Seth","Asian","IndianSubContinent","\N","-","conf/www/NagarSJ12",1
"Aaditeshwar Seth","Asian","IndianSubContinent","\N","-","conf/mobicom/SethKZGK06",0
"Aaditeshwar Seth","Asian","IndianSubContinent","\N","-","conf/cikm/ArdonBMRSTT13",4
"Aadithya V. Karthik","Asian","IndianSubContinent","\N","M","conf/icse/WangKWR15",1
"Aaditya Ramdas","Asian","IndianSubContinent","\N","M","conf/icml/RamdasS13",0
"Aaditya Ramdas","Asian","IndianSubContinent","\N","M","conf/icml/RamdasP14",0
"Aaditya Ramdas","Asian","IndianSubContinent","\N","M","conf/aaai/RamdasRPSW15",0
"Aaditya Ramdas","Asian","IndianSubContinent","\N","M","conf/alt/RamdasS13",0
"Aaditya Ramdas","Asian","IndianSubContinent","\N","M","conf/ijcai/RamdasW15",0
"Aaditya Ramdas","Asian","IndianSubContinent","\N","M","conf/ijcai/Ramdas15",0
"Aakanksha Chowdhery","Asian","IndianSubContinent","\N","F","conf/mobicom/ZhangCBJB15",1
"Aakanksha Chowdhery","Asian","IndianSubContinent","\N","F","conf/mobicom/WangCC16",1
"Aakanksha Gagrani","Asian","IndianSubContinent","\N","F","conf/ijcai/AwasthiGR07",1
"Aakar Gupta","Asian","IndianSubContinent","\N","M","conf/chi/GuptaPRB16",0
"Aakar Gupta","Asian","IndianSubContinent","\N","M","conf/uist/GuptaICPTB16",0
"Aakar Gupta","Asian","IndianSubContinent","\N","M","conf/chi/GuptaTCB12",0
"Aakar Gupta","Asian","IndianSubContinent","\N","M","conf/uist/GuptaAB16",0
"Aakar Gupta","Asian","IndianSubContinent","\N","M","conf/chi/GuptaB16",0
"Aakas Zhiyuli","Asian","GreaterEastAsian","EastAsian","-","conf/aaai/ZhiyuliLZ16",0
"Aakash Ahmad","GreaterAfrican","Muslim","\N","M","conf/csmr/AhmadP11",0
"Aakash Ahmad","GreaterAfrican","Muslim","\N","M","conf/icse/JamshidiAP14",1
"Aakash Ahmad","GreaterAfrican","Muslim","\N","M","conf/csmr/JamshidiGAP13",2
"Aakash Goel","Asian","IndianSubContinent","\N","M","conf/chi/StolperFKLGSC14",4
"Aakash Goel","Asian","IndianSubContinent","\N","M","conf/sigmod/GoelCGMMHW14",0
"Aakrosh Ratan","Asian","IndianSubContinent","\N","M","conf/recomb/MaRZMH07",1
"Aameek Singh","Asian","IndianSubContinent","\N","-","conf/podc/SinghKB07",0
"Aameek Singh","Asian","IndianSubContinent","\N","-","conf/icde/SinghL08",0
"Aameek Singh","Asian","IndianSubContinent","\N","-","conf/icde/BambaLCPSBPPLS07",9
"Aameek Singh","Asian","IndianSubContinent","\N","-","conf/sigir/SinghSLM03",0
"Aamer Zaheer","GreaterAfrican","Muslim","\N","M","conf/iccv/ZaheerABMK11",0
"Aamir Anis","GreaterAfrican","Africans","\N","M","conf/kdd/GaddeAO14",1
"Aamir Shafi","Asian","IndianSubContinent","\N","M","conf/spaa/LeeSL12",1
"Aamod Sane","Asian","IndianSubContinent","\N","M","conf/cikm/WelchSD12",1
"Aanchal Malhotra","Asian","IndianSubContinent","\N","F","conf/sigcomm/MalhotraG14",0
"Aanjhan Ranganathan","Asian","IndianSubContinent","\N","-","conf/mobicom/YuRMSC16",1
"Aanjhan Ranganathan","Asian","IndianSubContinent","\N","-","conf/sp/TippenhauerMRC13",2
"Aanjhan Ranganathan","Asian","IndianSubContinent","\N","-","conf/mobicom/MoserLLRRC16",3
"Aanjhan Ranganathan","Asian","IndianSubContinent","\N","-","conf/mobicom/RanganathanOC16",0
"Aapo Hyvärinen","GreaterEuropean","WestEuropean","French","M","conf/icml/HyvarinenSH08",0
"Aapo Koski","GreaterEuropean","Jewish","\N","M","conf/icse/KoskiM15",0
"Aapo Kyrola","GreaterEuropean","EastEuropean","\N","M","conf/spaa/ShunBFGKST12",4
"Aapo Kyrola","GreaterEuropean","EastEuropean","\N","M","conf/osdi/KyrolaBG12",0
"Aapo Kyrola","GreaterEuropean","EastEuropean","\N","M","conf/icml/BradleyKBG11",1
"Aapo Kyrola","GreaterEuropean","EastEuropean","\N","M","conf/spaa/SimhadriBFGK14",4
"Aaram Yun","Asian","GreaterEastAsian","EastAsian","M","conf/fse/YuWYP06",2
"Aaram Yun","Asian","GreaterEastAsian","EastAsian","M","conf/eurocrypt/CheonCKLLTY13",6
"Aaram Yun","Asian","GreaterEastAsian","EastAsian","M","conf/eurocrypt/Yun15",0
"Aarati Parmar","Asian","IndianSubContinent","\N","F","conf/aaai/Parmar02",0
"Aarne Ranta","GreaterEuropean","Jewish","\N","M","conf/cade/Ranta11",0
"Aarne Ranta","GreaterEuropean","Jewish","\N","M","conf/fase/HahnleJR02",2
"Aarne Ranta","GreaterEuropean","Jewish","\N","M","conf/acl/RantaAH10",0
"Aarnout Brombacher","GreaterEuropean","Jewish","\N","M","conf/chi/KocaB08",1
"Aarnout Brombacher","GreaterEuropean","Jewish","\N","M","conf/chi/KocaKB09",2
"Aaron A. Klammer","GreaterEuropean","Jewish","\N","M","conf/recomb/KlammerYMN07",0
"Aaron Adler","GreaterEuropean","Jewish","\N","M","conf/ijcai/BischelSPDA09",4
"Aaron Adler","GreaterEuropean","Jewish","\N","M","conf/chi/HammondLA10",2
"Aaron Adler","GreaterEuropean","Jewish","\N","M","conf/chi/OhFKAGMD02",3
"Aaron Adler","GreaterEuropean","Jewish","\N","M","conf/aaai/AdlerYBCMM13",0
"Aaron Archer","GreaterEuropean","British","\N","M","conf/focs/ArcherT01",0
"Aaron Archer","GreaterEuropean","British","\N","M","conf/focs/ArcherBHK09",0
"Aaron Archer","GreaterEuropean","British","\N","M","conf/ipco/ArcherK08",0
"Aaron Archer","GreaterEuropean","British","\N","M","conf/soda/ArcherT02",0
"Aaron Archer","GreaterEuropean","British","\N","M","conf/soda/ArcherPTT03",0
"Aaron Archer","GreaterEuropean","British","\N","M","conf/ipco/Archer01",0
"Aaron Archer","GreaterEuropean","British","\N","M","conf/ipco/ApplegateAGLR13",1
"Aaron Archer","GreaterEuropean","British","\N","M","conf/soda/ArcherW03",0
"Aaron Archer","GreaterEuropean","British","\N","M","conf/soda/ArcherB10",0
"Aaron Archer","GreaterEuropean","British","\N","M","conf/soda/ArcherFHKTT04",0
"Aaron Archer","GreaterEuropean","British","\N","M","conf/esa/ArcherRS03",0
"Aaron Atwater","GreaterEuropean","British","\N","M","conf/mobicom/KhanAH14",1
"Aaron Ballman","GreaterEuropean","Jewish","\N","M","conf/scam/HutchinsBS14",1
"Aaron Bauer","GreaterEuropean","Jewish","\N","M","conf/chi/BauerK06",0
"Aaron Bauer","GreaterEuropean","Jewish","\N","M","conf/chi/BauerK07",0
"Aaron Becker","GreaterEuropean","Jewish","\N","M","conf/compgeom/BeckerDFSM15",0
"Aaron Becker","GreaterEuropean","Jewish","\N","M","conf/compgeom/BeckerFKLMS13",0
"Aaron Bernstein","GreaterEuropean","Jewish","\N","M","conf/soda/BernsteinK08",0
"Aaron Bernstein","GreaterEuropean","Jewish","\N","M","conf/soda/BernsteinR11",0
"Aaron Bernstein","GreaterEuropean","Jewish","\N","M","conf/soda/Bernstein10",0
"Aaron Bernstein","GreaterEuropean","Jewish","\N","M","conf/stoc/Bernstein13",0
"Aaron Bernstein","GreaterEuropean","Jewish","\N","M","conf/soda/Bernstein12",0
"Aaron Bernstein","GreaterEuropean","Jewish","\N","M","conf/stoc/BernsteinC16",0
"Aaron Bernstein","GreaterEuropean","Jewish","\N","M","conf/stoc/BernsteinK09",0
"Aaron Bernstein","GreaterEuropean","Jewish","\N","M","conf/icalp/BernsteinS15",0
"Aaron Bernstein","GreaterEuropean","Jewish","\N","M","conf/soda/BernsteinS16",0
"Aaron Bernstein","GreaterEuropean","Jewish","\N","M","conf/focs/Bernstein09",0
"Aaron Blankstein","GreaterEuropean","Jewish","\N","M","conf/sp/BlanksteinF14",0
"Aaron Bobick","GreaterEuropean","Jewish","\N","M","conf/cvpr/RomeroB04",1
"Aaron Bohannon","GreaterEuropean","Jewish","\N","M","conf/pods/BohannonPV06",0
"Aaron Bohannon","GreaterEuropean","Jewish","\N","M","conf/popl/BohannonFPPS08",0
"Aaron Bostrom","GreaterEuropean","Jewish","\N","M","conf/icde/BagnallLHB16",3
"Aaron Burgman","GreaterEuropean","Jewish","\N","M","conf/chi/DarlingRKB05",3
"Aaron Burgman","GreaterEuropean","Jewish","\N","M","conf/chi/KalghatgiBDNRCK06",1
"Aaron Burry","GreaterEuropean","British","\N","M","conf/cvpr/BulanWPKB15",4
"Aaron Burry","GreaterEuropean","British","\N","M","conf/cvpr/ChuangBBPB14",4
"Aaron C. Courville","GreaterEuropean","British","\N","M","conf/icml/GoodfellowCB12",1
"Aaron C. Courville","GreaterEuropean","British","\N","M","conf/icml/XuBKCCSZB15",4
"Aaron C. Courville","GreaterEuropean","British","\N","M","conf/icml/LarochelleECBB07",2
"Aaron C. Courville","GreaterEuropean","British","\N","M","conf/icml/PezeshkiFBCB16",3
"Aaron C. Courville","GreaterEuropean","British","\N","M","conf/aaai/SerbanSBCP16",3
"Aaron C. Courville","GreaterEuropean","British","\N","M","conf/iccv/YaoTCBPLC15",6
"Aaron C. Courville","GreaterEuropean","British","\N","M","conf/icml/CourvilleBB11",0
"Aaron C. Courville","GreaterEuropean","British","\N","M","conf/aaai/DumoulinGCB14",2
"Aaron C. Courville","GreaterEuropean","British","\N","M","conf/acl/SerbanGGACCB16",5
"Aaron C. Courville","GreaterEuropean","British","\N","M","conf/icml/GoodfellowWMCB13",3
"Aaron C. Courville","GreaterEuropean","British","\N","M","conf/icml/AlmahairiBCZLC16",5
"Aaron Cahn","GreaterEuropean","Jewish","\N","M","conf/www/CahnABM16",0
"Aaron Call","GreaterEuropean","British","\N","M","conf/kdd/BerralPCCRG15",3
"Aaron Carroll","GreaterEuropean","British","\N","M","conf/sosp/CarrollH13",0
"Aaron Ceglar","GreaterEuropean","WestEuropean","Italian","M","conf/er/RoddickCVL06",1
"Aaron Ceglar","GreaterEuropean","WestEuropean","Italian","M","conf/er/RoddickCV07",1
"Aaron Chavez","GreaterEuropean","WestEuropean","Hispanic","M","conf/aaai/GustafsonCMKAL07",1
"Aaron Chu","Asian","GreaterEastAsian","EastAsian","M","conf/cikm/ChuSC08",0
"Aaron Clamage","GreaterEuropean","Jewish","\N","M","conf/chi/BedersonCCR03",1
"Aaron Clauset","GreaterEuropean","WestEuropean","French","M","conf/icml/ClausetMN06",0
"Aaron Clauset","GreaterEuropean","WestEuropean","French","M","conf/aaai/PeelC15",1
"Aaron Clauset","GreaterEuropean","WestEuropean","French","M","conf/stoc/AchlioptasCKM05",1
"Aaron Clauset","GreaterEuropean","WestEuropean","French","M","conf/www/WayLC16",2
"Aaron Cote","GreaterEuropean","Jewish","\N","M","conf/stoc/CoteMP08",0
"Aaron D'Souza","GreaterAfrican","Africans","\N","M","conf/icml/TingDS06",1
"Aaron D'Souza","GreaterAfrican","Africans","\N","M","conf/icml/DSouzaVS04",0
"Aaron D. Jaggard","GreaterEuropean","British","\N","M","conf/sigcomm/GoldbergHJRW08",2
"Aaron D. Jaggard","GreaterEuropean","British","\N","M","conf/infocom/JaggardR05",0
"Aaron D. Jaggard","GreaterEuropean","British","\N","M","conf/sigmetrics/JaggardKRW13",0
"Aaron D. Jaggard","GreaterEuropean","British","\N","M","conf/popl/CervesatoJSW05",1
"Aaron D. Jaggard","GreaterEuropean","British","\N","M","conf/sigcomm/GriffinJR03",1
"Aaron D. Jaggard","GreaterEuropean","British","\N","M","conf/podc/JaggardSW11",0
"Aaron D. Shaw","Asian","IndianSubContinent","\N","M","conf/chi/AntinS12",1
"Aaron D. Shaw","Asian","IndianSubContinent","\N","M","conf/chi/BernsteinCHMKSYGB12",5
"Aaron D. Sterling","GreaterEuropean","British","\N","M","conf/wdag/Sterling08",0
"Aaron D. Striegel","GreaterEuropean","British","\N","M","conf/infocom/MengLS14",2
"Aaron Daniel Adler","GreaterEuropean","Jewish","\N","M","conf/aaai/Adler10",0
"Aaron Davidson","GreaterEuropean","Jewish","\N","M","conf/ijcai/BillingsBDHSSS03",2
"Aaron DeChamplain","GreaterEuropean","British","\N","M","conf/chi/KapralosDMSKMD12",1
"Aaron Defazio","GreaterAfrican","Africans","\N","M","conf/icml/DefazioDC14",0
"Aaron Defazio","GreaterAfrican","Africans","\N","M","conf/icml/DefazioC12",0
"Aaron Drake","GreaterEuropean","British","\N","M","conf/mobicom/RosenLCMHDL14a",5
"Aaron Drake","GreaterEuropean","British","\N","M","conf/mobicom/RosenLCMHDL14",5
"Aaron Drew","GreaterEuropean","British","\N","M","conf/chi/LyonsSPFLDL04",5
"Aaron Dunlop","GreaterEuropean","British","\N","M","conf/acl/YarmohammadiDR14",1
"Aaron Dunlop","GreaterEuropean","British","\N","M","conf/acl/BodenstabDHR11",1
"Aaron Dunlop","GreaterEuropean","British","\N","M","conf/acl/MitchellDR11",1
"Aaron E. Darling","GreaterEuropean","British","\N","M","conf/recomb/MauDP04",1
"Aaron E. Rosenberg","GreaterEuropean","Jewish","\N","M","conf/chi/WhittakerHASBISZR02",8
"Aaron E. Tenney","GreaterEuropean","British","\N","M","conf/kdd/ChenCBT09",3
"Aaron Elkiss","GreaterAfrican","Muslim","\N","M","conf/acl/ResnikE05",1
"Aaron Elkiss","GreaterAfrican","Muslim","\N","M","conf/sigmod/JagadishCEJLNY07",2
"Aaron F. Bobick","GreaterEuropean","Jewish","\N","M","conf/cvpr/KwatraBJ01",1
"Aaron F. Bobick","GreaterEuropean","Jewish","\N","M","conf/cvpr/HamidJBBIC05",3
"Aaron F. Bobick","GreaterEuropean","Jewish","\N","M","conf/cvpr/BobickJ01",0
"Aaron F. Bobick","GreaterEuropean","Jewish","\N","M","conf/cvpr/VoB14",1
"Aaron F. Bobick","GreaterEuropean","Jewish","\N","M","conf/cvpr/TanawongsuwanB01",1
"Aaron F. Bobick","GreaterEuropean","Jewish","\N","M","conf/cvpr/DavisRB00",2
"Aaron F. Bobick","GreaterEuropean","Jewish","\N","M","conf/cvpr/ShiB03",1
"Aaron F. Bobick","GreaterEuropean","Jewish","\N","M","conf/iccv/HamidMBE07",2
"Aaron F. Bobick","GreaterEuropean","Jewish","\N","M","conf/cvpr/ShiBE06",1
"Aaron F. Bobick","GreaterEuropean","Jewish","\N","M","conf/chi/AbowdABEMMS00",2
"Aaron Falk","GreaterEuropean","Jewish","\N","M","conf/infocom/KapoorFFP05",1
"Aaron Falk","GreaterEuropean","Jewish","\N","M","conf/infocom/KapoorFFP06",1
"Aaron Fenster","GreaterEuropean","Jewish","\N","M","conf/cvpr/YuanQRUTF13",5
"Aaron Fernandes","GreaterEuropean","WestEuropean","Hispanic","M","conf/sigir/TellexKLFM03",3
"Aaron Flores","GreaterEuropean","WestEuropean","Hispanic","M","conf/www/BarajasAHKFA12",4
"Aaron Flores","GreaterEuropean","WestEuropean","Hispanic","M","conf/www/BarajasAHKFA13",4
"Aaron Flores","GreaterEuropean","WestEuropean","Hispanic","M","conf/cikm/BarajasAHKFA12",4
"Aaron G. Cass","GreaterEuropean","Jewish","\N","M","conf/kbse/CassO05",0
"Aaron G. Cass","GreaterEuropean","Jewish","\N","M","conf/kbse/WiseCLMOS00",1
"Aaron G. Cass","GreaterEuropean","Jewish","\N","M","conf/icse/CassLSMWO00",0
"Aaron Gage","GreaterEuropean","British","\N","M","conf/aaai/GageM04",0
"Aaron Gember","GreaterEuropean","Jewish","\N","M","conf/sigcomm/GemberGKA13",0
"Aaron Gember","GreaterEuropean","Jewish","\N","M","conf/pldi/BallBGIKSSV14",2
"Aaron Gember","GreaterEuropean","Jewish","\N","M","conf/nsdi/GemberDA12",0
"Aaron Gember","GreaterEuropean","Jewish","\N","M","conf/mobicom/ShenGAA11",1
"Aaron Gember-Jacobson","GreaterEuropean","WestEuropean","Italian","M","conf/sigcomm/Gember-Jacobson15",0
"Aaron Gember-Jacobson","GreaterEuropean","WestEuropean","Italian","M","conf/sigcomm/Gember-Jacobson16",0
"Aaron Gember-Jacobson","GreaterEuropean","WestEuropean","Italian","M","conf/sigcomm/KrishnamurthyCG14",2
"Aaron Gember-Jacobson","GreaterEuropean","WestEuropean","Italian","M","conf/sigmetrics/HeKDGPALT15",3
"Aaron Gember-Jacobson","GreaterEuropean","WestEuropean","Italian","M","conf/sigcomm/Gember-JacobsonVPGKDA14",0
"Aaron Genest","GreaterEuropean","WestEuropean","French","M","conf/chi/BatemanMGGMB10",3
"Aaron Gerow","GreaterEuropean","Jewish","\N","M","conf/ijcai/GerowK11",0
"Aaron Gilbee","GreaterEuropean","Jewish","\N","M","conf/uist/GaikwadMGMGGDBZ16",12
"Aaron Gitler","GreaterEuropean","Jewish","\N","M","conf/recomb/LindquistFOGSCJ05",3
"Aaron Greenhouse","GreaterEuropean","Jewish","\N","M","conf/icse/GreenhouseS02",0
"Aaron Halfaker","GreaterEuropean","Jewish","\N","M","conf/chi/HalfakerGT14",0
"Aaron Halfaker","GreaterEuropean","Jewish","\N","M","conf/www/HalfakerKKTNSUW15",0
"Aaron Halfaker","GreaterEuropean","Jewish","\N","M","conf/chi/JohnsonLLHHSH16",4
"Aaron Harnly","GreaterEuropean","Jewish","\N","M","conf/acl/AgarwalOHR12",2
"Aaron Harwood","GreaterEuropean","British","\N","M","conf/icde/TaninHS05",1
"Aaron Harwood","GreaterEuropean","British","\N","M","conf/www/FengH15",1
"Aaron Harwood","GreaterEuropean","British","\N","M","conf/icde/LiaoHR10",1
"Aaron Heller","GreaterEuropean","Jewish","\N","M","conf/aaai/FreedBHSB16",2
"Aaron Heller","GreaterEuropean","Jewish","\N","M","conf/ijcai/FreedBHSB16",2
"Aaron Henry Potechin","GreaterEuropean","Jewish","\N","M","conf/soda/HopkinsKPRS16",2
"Aaron Hertzmann","GreaterEuropean","Jewish","\N","M","conf/cvpr/BreglerHB00",1
"Aaron Hertzmann","GreaterEuropean","Jewish","\N","M","conf/uist/VollickVAH07",3
"Aaron Hertzmann","GreaterEuropean","Jewish","\N","M","conf/chi/ZhaoLDHW15",3
"Aaron Hertzmann","GreaterEuropean","Jewish","\N","M","conf/chi/ODonovanAH15",2
"Aaron Hertzmann","GreaterEuropean","Jewish","\N","M","conf/iccv/UrtasunFHF05",2
"Aaron Hertzmann","GreaterEuropean","Jewish","\N","M","conf/iccv/KalogerakisVHEH09",4
"Aaron Hertzmann","GreaterEuropean","Jewish","\N","M","conf/iccv/GoldmanCHS05",2
"Aaron Hertzmann","GreaterEuropean","Jewish","\N","M","conf/uist/XieHLW14",1
"Aaron Hertzmann","GreaterEuropean","Jewish","\N","M","conf/iccv/ZhangCHS03",2
"Aaron Hertzmann","GreaterEuropean","Jewish","\N","M","conf/cvpr/HertzmannS03",0
"Aaron Hertzmann","GreaterEuropean","Jewish","\N","M","conf/icml/WangFH07",2
"Aaron Hertzmann","GreaterEuropean","Jewish","\N","M","conf/www/RudolphHH16",2
"Aaron Hertzmann","GreaterEuropean","Jewish","\N","M","conf/cvpr/TaylorSRKSIHF14",6
"Aaron Hertzmann","GreaterEuropean","Jewish","\N","M","conf/cvpr/BrubakerFH07",2
"Aaron Hoff","GreaterEuropean","British","\N","M","conf/chi/TangMHRIZC12",2
"Aaron Hoff","GreaterEuropean","British","\N","M","conf/chi/InkpenDRHJ12",3
"Aaron Hoff","GreaterEuropean","British","\N","M","conf/chi/TangXHVTR13",2
"Aaron Hoff","GreaterEuropean","British","\N","M","conf/chi/LutherCSHJ09",3
"Aaron Houssian","GreaterEuropean","Jewish","\N","M","conf/chi/BuieHH13",2
"Aaron Hunter","GreaterEuropean","British","\N","M","conf/ijcai/HunterD07",0
"Aaron Hunter","GreaterEuropean","British","\N","M","conf/ijcai/HunterS15",0
"Aaron Hunter","GreaterEuropean","British","\N","M","conf/ijcai/HunterB15",0
"Aaron Hunter","GreaterEuropean","British","\N","M","conf/lics/Hunter03",0
"Aaron Hunter","GreaterEuropean","British","\N","M","conf/aaai/HunterD06",0
"Aaron Hunter","GreaterEuropean","British","\N","M","conf/ijcai/HunterD05",0
"Aaron Hunter","GreaterEuropean","British","\N","M","conf/aaai/HunterD07",0
"Aaron Hunter","GreaterEuropean","British","\N","M","conf/aaai/Hunter15",0
"Aaron Hunter","GreaterEuropean","British","\N","M","conf/aaai/HunterY15",0
"Aaron Isaksen","GreaterEuropean","WestEuropean","Nordic","M","conf/ijcai/Isaksen16",0
"Aaron Isaksen","GreaterEuropean","WestEuropean","Nordic","M","conf/aaai/IsaksenTLN16",0
"Aaron Isaksen","GreaterEuropean","WestEuropean","Nordic","M","conf/ijcai/KhalifaITN16",1
"Aaron J. Burstein","GreaterEuropean","Jewish","\N","M","conf/nsdi/Burstein08",0
"Aaron J. Elmore","GreaterEuropean","Jewish","\N","M","conf/sigmod/ElmoreDPAAY13",0
"Aaron J. Elmore","GreaterEuropean","Jewish","\N","M","conf/sigmod/ElmoreATPAA15",0
"Aaron J. Elmore","GreaterEuropean","Jewish","\N","M","conf/sigmod/ElmoreDAA11",0
"Aaron J. Elmore","GreaterEuropean","Jewish","\N","M","conf/dasfaa/AgrawalADE11",3
"Aaron J. Quigley","GreaterEuropean","British","\N","M","conf/chi/ShannonQN10",1
"Aaron J. Quigley","GreaterEuropean","British","\N","M","conf/chi/ShannonQN09",1
"Aaron J. Quigley","GreaterEuropean","British","\N","M","conf/chi/AptedKQ06",2
"Aaron J. Quigley","GreaterEuropean","British","\N","M","conf/chi/QuigleyDMIS13",0
"Aaron J. Quigley","GreaterEuropean","British","\N","M","conf/chi/DostalKQ13",2
"Aaron J. Quigley","GreaterEuropean","British","\N","M","conf/chi/JetterDRQBH13",3
"Aaron J. Quigley","GreaterEuropean","British","\N","M","conf/chi/AylettQ15",1
"Aaron J. Quigley","GreaterEuropean","British","\N","M","conf/chi/MannHRQ16",3
"Aaron J. Quigley","GreaterEuropean","British","\N","M","conf/iwpc/Quigley02",0
"Aaron J. Quigley","GreaterEuropean","British","\N","M","conf/chi/GrubertHQS15",2
"Aaron Johnson","GreaterEuropean","British","\N","M","conf/osdi/WolinskyCFJ12",3
"Aaron Johnson","GreaterEuropean","British","\N","M","conf/kdd/JohnsonS13",0
"Aaron Joseph Turon","GreaterEuropean","Jewish","\N","M","conf/popl/TuronTABD13",0
"Aaron Joseph Turon","GreaterEuropean","Jewish","\N","M","conf/popl/TuronW11",0
"Aaron K. Massey","GreaterEuropean","British","\N","M","conf/icse/SaitoITMA16",3
"Aaron K. Massey","GreaterEuropean","British","\N","M","conf/icse/SaitoITMA14",3
"Aaron Kershenbaum","GreaterEuropean","Jewish","\N","M","conf/aaai/DolbyFKKSSM07",3
"Aaron Khoo","GreaterEuropean","Jewish","\N","M","conf/aaai/KhooHDTV02",0
"Aaron Kimball","GreaterEuropean","British","\N","M","conf/popl/LiuKM06",1
"Aaron Koehl","GreaterEuropean","Jewish","\N","M","conf/www/KoehlW12",0
"Aaron Krämer","GreaterEuropean","Jewish","\N","M","conf/chi/HellerKB14",1
"Aaron Krekelberg","GreaterEuropean","Jewish","\N","M","conf/chi/GoodK03",1
"Aaron Krowne","GreaterEuropean","Jewish","\N","M","conf/edbt/GardnerKX09",1
"Aaron Krowne","GreaterEuropean","Jewish","\N","M","conf/sigir/FoxGLCKZMPRC03",4
"Aaron Larson","GreaterEuropean","Jewish","\N","M","conf/icse/PenixVELW00",3
"Aaron Lee","GreaterEuropean","Jewish","\N","M","conf/wads/BoseLS07",1
"Aaron Leon Roth","GreaterEuropean","Jewish","\N","M","conf/stoc/DworkFHPRR15",5
"Aaron M. Andrews","GreaterEuropean","British","\N","M","conf/wads/AndrewsW15",0
"Aaron M. Levisohn","GreaterEuropean","Jewish","\N","M","conf/chi/Levisohn11",0
"Aaron M. Qureshi","Asian","IndianSubContinent","\N","M","conf/recomb/PhilippakisQBB07",1
"Aaron M. Scherer","GreaterEuropean","WestEuropean","Germanic","M","conf/chi/SolomonSEWFZ16",1
"Aaron M. Smalter","GreaterEuropean","Jewish","\N","M","conf/edbt/WangSHL09",1
"Aaron Mah","Asian","GreaterEastAsian","EastAsian","M","conf/chi/NeustaedterBM13",2
"Aaron Marback","GreaterEuropean","Jewish","\N","M","conf/icse/MarbackDHKX09",0
"Aaron Marcus","GreaterEuropean","Jewish","\N","M","conf/chi/GouldMC06",1
"Aaron Marcus","GreaterEuropean","Jewish","\N","M","conf/chi/SnyderGWM03",3
"Aaron Marcus","GreaterEuropean","Jewish","\N","M","conf/chi/Boehm-DavisMGHW03",1
"Aaron Marcus","GreaterEuropean","Jewish","\N","M","conf/chi/MarcusACDGHK00",0
"Aaron Marcus","GreaterEuropean","Jewish","\N","M","conf/chi/KonstanMHS12",1
"Aaron Marcus","GreaterEuropean","Jewish","\N","M","conf/chi/GouldHKMMY03",4
"Aaron Massey","GreaterEuropean","British","\N","M","conf/icse/MorrisonHMW13",2
"Aaron May","GreaterEuropean","Jewish","\N","M","conf/chi/EstevesBAMWO14",3
"Aaron McGaffey","GreaterEuropean","British","\N","M","conf/chi/WatsonFM00",2
"Aaron Michaux","GreaterEuropean","WestEuropean","French","M","conf/cvpr/CaoBBNYMLDSW13",5
"Aaron Michelony","GreaterEuropean","British","\N","M","conf/cikm/ChenZMZ12",2
"Aaron Michelony","GreaterEuropean","British","\N","M","conf/acl/Michelony11",0
"Aaron Mininger","GreaterEuropean","Jewish","\N","M","conf/ijcai/KirkML16",1
"Aaron N. Kaplan","GreaterEuropean","Jewish","\N","M","conf/cikm/LagosCK10",2
"Aaron N. Parks","GreaterEuropean","Jewish","\N","M","conf/infocom/TanPPS16",2
"Aaron N. Parks","GreaterEuropean","Jewish","\N","M","conf/sigcomm/ParksLGS14",0
"Aaron N. Parks","GreaterEuropean","Jewish","\N","M","conf/sigcomm/KelloggPGSW14",1
"Aaron N. Parks","GreaterEuropean","Jewish","\N","M","conf/sigcomm/LiuPTGWS13",1
"Aaron Netz","GreaterEuropean","Jewish","\N","M","conf/cvpr/NetzO11",0
"Aaron Ogus","GreaterAfrican","Africans","\N","M","conf/sosp/CalderWONSMXSWSHUKEBMAAHHBDAMSMR11",2
"Aaron Ogus","GreaterAfrican","Africans","\N","M","conf/osdi/BalakrishnanBDEGHLOPR14",7
"Aaron P. Shon","Asian","IndianSubContinent","\N","M","conf/aaai/ShonVR07",0
"Aaron P. Shon","Asian","IndianSubContinent","\N","M","conf/iccv/GrimesSR03",1
"Aaron P. Stewart","GreaterEuropean","British","\N","M","conf/er/EmbleyLLST10",3
"Aaron Parker","GreaterEuropean","British","\N","M","conf/aaai/WheelerWKYHTKPC10",7
"Aaron Potechin","GreaterEuropean","Jewish","\N","M","conf/stoc/MekaPW15",1
"Aaron Potechin","GreaterEuropean","Jewish","\N","M","conf/stoc/ChanP12",1
"Aaron Potechin","GreaterEuropean","Jewish","\N","M","conf/focs/Potechin10",0
"Aaron Q. Li","Asian","GreaterEastAsian","EastAsian","M","conf/kdd/LiARS14",0
"Aaron Quigley","GreaterEuropean","British","\N","M","conf/uist/YeoFSHQ16",4
"Aaron Quigley","GreaterEuropean","British","\N","M","conf/uist/YeoLBQ16",3
"Aaron Quigley","GreaterEuropean","British","\N","M","conf/chi/PorcheronLQMCO16",2
"Aaron R. Bradley","GreaterEuropean","British","\N","M","conf/icalp/BradleyMS05",0
"Aaron R. Bradley","GreaterEuropean","British","\N","M","conf/concur/BradleyMS05",0
"Aaron R. Houssian","GreaterEuropean","Jewish","\N","M","conf/chi/FoongDHHJ07",2
"Aaron R. Phillips","GreaterEuropean","Jewish","\N","M","conf/sp/OehmenBMPSJNTP16",3
"Aaron R. Phillips","GreaterEuropean","Jewish","\N","M","conf/sp/OehmenPPC16",2
"Aaron Riesbeck","GreaterEuropean","British","\N","M","conf/kbse/LemonRMPDCPPLP09",1
"Aaron Roth","GreaterEuropean","Jewish","\N","M","conf/icml/GaboardiAHRW14",3
"Aaron Roth","GreaterEuropean","Jewish","\N","M","conf/popl/BartheGAHRS15",4
"Aaron Roth","GreaterEuropean","Jewish","\N","M","conf/icalp/HsuKR12",2
"Aaron Roth","GreaterEuropean","Jewish","\N","M","conf/latin/ChungLPR10",3
"Aaron Roth","GreaterEuropean","Jewish","\N","M","conf/soda/RothBKM10",0
"Aaron Roth","GreaterEuropean","Jewish","\N","M","conf/stoc/BlumLR08",2
"Aaron Roth","GreaterEuropean","Jewish","\N","M","conf/aaai/AminCDKR15",4
"Aaron Roth","GreaterEuropean","Jewish","\N","M","conf/ijcai/HeidariKR16",2
"Aaron Roth","GreaterEuropean","Jewish","\N","M","conf/stoc/BlumHLR08",3
"Aaron Roth","GreaterEuropean","Jewish","\N","M","conf/soda/Hsu0RW16",2
"Aaron Roth","GreaterEuropean","Jewish","\N","M","conf/stoc/HardtR13",1
"Aaron Roth","GreaterEuropean","Jewish","\N","M","conf/stoc/HsuHRRW14",2
"Aaron Roth","GreaterEuropean","Jewish","\N","M","conf/stoc/HsuRU13",1
"Aaron Roth","GreaterEuropean","Jewish","\N","M","conf/soda/DughmiIR14",2
"Aaron Roth","GreaterEuropean","Jewish","\N","M","conf/soda/KannanMRW15",2
"Aaron Roth","GreaterEuropean","Jewish","\N","M","conf/stoc/RothR10",0
"Aaron Roth","GreaterEuropean","Jewish","\N","M","conf/stoc/HardtR12",1
"Aaron Roth","GreaterEuropean","Jewish","\N","M","conf/colt/CummingsLNRW16",3
